DATETIME,price
2017-12-31 22:00:00,60.03
2018-01-01 22:00:00,60.28
2018-01-02 22:00:00,61.84
2018-01-03 22:00:00,61.86
2018-01-04 22:00:00,61.5
2018-01-07 22:00:00,61.86
2018-01-08 22:00:00,63.4
2018-01-09 22:00:00,63.43
2018-01-10 22:00:00,63.49
2018-01-11 22:00:00,64.42
2018-01-14 22:00:00,64.66
2018-01-15 22:00:00,63.85
2018-01-16 22:00:00,64.04
2018-01-17 22:00:00,63.7
2018-01-18 22:00:00,63.52
2018-01-21 22:00:00,63.25
2018-01-22 22:00:00,64.51
2018-01-23 22:00:00,65.91
2018-01-24 22:00:00,65.27
2018-01-25 22:00:00,66.29
2018-01-28 22:00:00,65.55
2018-01-29 22:00:00,64.01
2018-01-30 22:00:00,64.79
2018-01-31 22:00:00,65.99
2018-02-01 22:00:00,65.06
2018-02-04 22:00:00,63.45
2018-02-05 22:00:00,63.9
2018-02-06 22:00:00,61.75
2018-02-07 22:00:00,60.43
2018-02-08 22:00:00,59.16
2018-02-11 22:00:00,59.35
2018-02-12 22:00:00,58.96
2018-02-13 22:00:00,60.73
2018-02-14 22:00:00,61.4
2018-02-15 22:00:00,61.62
2018-02-18 22:00:00,62.45
2018-02-19 22:00:00,61.61
2018-02-20 22:00:00,61.38
2018-02-21 22:00:00,62.67
2018-02-22 22:00:00,63.61
2018-02-25 22:00:00,64.03
2018-02-26 22:00:00,62.84
2018-02-27 22:00:00,61.56
2018-02-28 22:00:00,61.36
2018-03-01 22:00:00,61.52
2018-03-04 22:00:00,62.62
2018-03-05 22:00:00,62.37
2018-03-06 22:00:00,61.35
2018-03-07 22:00:00,60.3
2018-03-08 22:00:00,62.13
2018-03-11 21:00:00,61.37
2018-03-12 21:00:00,60.83
2018-03-13 21:00:00,60.92
2018-03-14 21:00:00,61.16
2018-03-15 21:00:00,62.23
2018-03-18 21:00:00,62.1
2018-03-19 21:00:00,63.62
2018-03-20 21:00:00,65.36
2018-03-21 21:00:00,64.1
2018-03-22 21:00:00,65.63
2018-03-23 21:00:00,65.61
2018-03-25 21:00:00,65.39
2018-03-26 21:00:00,64.58
2018-03-27 21:00:00,64.57
2018-03-28 21:00:00,64.84
2018-03-29 21:00:00,64.83
2018-04-01 21:00:00,62.78
2018-04-02 21:00:00,63.49
2018-04-03 21:00:00,63.49
2018-04-04 21:00:00,63.65
2018-04-05 21:00:00,61.86
2018-04-08 21:00:00,63.22
2018-04-09 21:00:00,65.5
2018-04-10 21:00:00,66.67
2018-04-11 21:00:00,67.1
2018-04-12 21:00:00,67.3
2018-04-15 21:00:00,66.31
2018-04-16 21:00:00,66.61
2018-04-17 21:00:00,68.73
2018-04-18 21:00:00,68.11
2018-04-19 21:00:00,68.02
2018-04-22 21:00:00,68.87
2018-04-23 21:00:00,67.69
2018-04-24 21:00:00,67.97
2018-04-25 21:00:00,68.12
2018-04-26 21:00:00,67.95
2018-04-29 21:00:00,68.54
2018-04-30 21:00:00,67.46
2018-05-01 21:00:00,67.64
2018-05-02 21:00:00,68.44
2018-05-03 21:00:00,69.73
2018-05-06 21:00:00,69.96
2018-05-07 21:00:00,70.01
2018-05-08 21:00:00,71.24
2018-05-09 21:00:00,71.36
2018-05-10 21:00:00,70.47
2018-05-11 21:00:00,70.46
2018-05-13 21:00:00,71.13
2018-05-14 21:00:00,70.96
2018-05-15 21:00:00,71.51
2018-05-16 21:00:00,71.55
2018-05-17 21:00:00,71.33
2018-05-20 21:00:00,72.52
2018-05-21 21:00:00,71.99
2018-05-22 21:00:00,71.71
2018-05-23 21:00:00,70.54
2018-05-24 21:00:00,67.34
2018-05-27 21:00:00,66.39
2018-05-28 21:00:00,66.76
2018-05-29 21:00:00,68.12
2018-05-30 21:00:00,67.01
2018-05-31 21:00:00,65.66
2018-06-03 21:00:00,64.79
2018-06-04 21:00:00,65.43
2018-06-05 21:00:00,64.93
2018-06-06 21:00:00,65.88
2018-06-07 21:00:00,65.5
2018-06-10 21:00:00,66.0
2018-06-11 21:00:00,65.97
2018-06-12 21:00:00,66.56
2018-06-13 21:00:00,66.96
2018-06-14 21:00:00,64.29
2018-06-17 21:00:00,65.78
2018-06-18 21:00:00,65.0
2018-06-19 21:00:00,65.45
2018-06-20 21:00:00,65.9
2018-06-21 21:00:00,69.36
2018-06-24 21:00:00,68.3
2018-06-25 21:00:00,70.77
2018-06-26 21:00:00,72.39
2018-06-27 21:00:00,73.37
2018-06-28 21:00:00,74.36
2018-07-01 21:00:00,74.13
2018-07-02 21:00:00,74.34
2018-07-03 21:00:00,74.4
2018-07-04 21:00:00,73.18
2018-07-05 21:00:00,73.94
2018-07-08 21:00:00,74.03
2018-07-09 21:00:00,74.21
2018-07-10 21:00:00,70.62
2018-07-11 21:00:00,70.35
2018-07-12 21:00:00,70.57
2018-07-15 21:00:00,67.98
2018-07-16 21:00:00,67.58
2018-07-17 21:00:00,68.94
2018-07-18 21:00:00,69.37
2018-07-19 21:00:00,69.45
2018-07-22 21:00:00,69.01
2018-07-23 21:00:00,69.92
2018-07-24 21:00:00,70.4
2018-07-25 21:00:00,70.63
2018-07-26 21:00:00,70.06
2018-07-29 21:00:00,71.0
2018-07-30 21:00:00,69.26
2018-07-31 21:00:00,68.66
2018-08-01 21:00:00,69.76
2018-08-02 21:00:00,69.36
2018-08-05 21:00:00,69.49
2018-08-06 21:00:00,69.64
2018-08-07 21:00:00,67.27
2018-08-08 21:00:00,67.16
2018-08-09 21:00:00,68.2
2018-08-12 21:00:00,67.7
2018-08-13 21:00:00,66.89
2018-08-14 21:00:00,65.09
2018-08-15 21:00:00,65.62
2018-08-16 21:00:00,66.04
2018-08-19 21:00:00,66.26
2018-08-20 21:00:00,66.88
2018-08-21 21:00:00,68.91
2018-08-22 21:00:00,68.63
2018-08-23 21:00:00,69.26
2018-08-26 21:00:00,69.56
2018-08-27 21:00:00,69.15
2018-08-28 21:00:00,70.3
2018-08-29 21:00:00,70.62
2018-08-30 21:00:00,70.45
2018-09-02 21:00:00,70.59
2018-09-03 21:00:00,69.79
2018-09-04 21:00:00,69.03
2018-09-05 21:00:00,68.24
2018-09-06 21:00:00,68.19
2018-09-09 21:00:00,67.77
2018-09-10 21:00:00,70.11
2018-09-11 21:00:00,70.5
2018-09-12 21:00:00,68.97
2018-09-13 21:00:00,69.13
2018-09-16 21:00:00,68.81
2018-09-17 21:00:00,69.75
2018-09-18 21:00:00,71.35
2018-09-19 21:00:00,70.51
2018-09-20 21:00:00,71.02
2018-09-23 21:00:00,72.54
2018-09-24 21:00:00,72.34
2018-09-25 21:00:00,72.28
2018-09-26 21:00:00,72.43
2018-09-27 21:00:00,73.78
2018-09-30 21:00:00,75.67
2018-10-01 21:00:00,75.25
2018-10-02 21:00:00,76.4
2018-10-03 21:00:00,74.51
2018-10-04 21:00:00,74.19
2018-10-07 21:00:00,74.08
2018-10-08 21:00:00,74.5
2018-10-09 21:00:00,72.46
2018-10-10 21:00:00,70.82
2018-10-11 21:00:00,71.3
2018-10-14 21:00:00,71.5
2018-10-15 21:00:00,71.97
2018-10-16 21:00:00,69.95
2018-10-17 21:00:00,68.65
2018-10-18 21:00:00,69.47
2018-10-21 21:00:00,69.47
2018-10-22 21:00:00,66.06
2018-10-23 21:00:00,66.37
2018-10-24 21:00:00,66.94
2018-10-25 21:00:00,67.6
2018-10-28 21:00:00,66.69
2018-10-29 21:00:00,66.34
2018-10-30 21:00:00,64.86
2018-10-31 21:00:00,63.52
2018-11-01 21:00:00,62.87
2018-11-04 22:00:00,62.75
2018-11-05 22:00:00,61.8
2018-11-06 22:00:00,61.66
2018-11-07 22:00:00,60.87
2018-11-08 22:00:00,59.92
2018-11-11 22:00:00,58.98
2018-11-12 22:00:00,55.36
2018-11-13 22:00:00,56.2
2018-11-14 22:00:00,56.73
2018-11-15 22:00:00,57.0
2018-11-18 22:00:00,57.34
2018-11-19 22:00:00,53.32
2018-11-20 22:00:00,54.58
2018-11-21 22:00:00,54.03
2018-11-22 22:00:00,50.4
2018-11-25 22:00:00,51.58
2018-11-26 22:00:00,52.14
2018-11-27 22:00:00,50.35
2018-11-28 22:00:00,51.29
2018-11-29 22:00:00,50.64
2018-12-02 22:00:00,53.18
2018-12-03 22:00:00,52.67
2018-12-04 22:00:00,53.04
2018-12-05 22:00:00,51.81
2018-12-06 22:00:00,52.35
2018-12-09 22:00:00,51.01
2018-12-10 22:00:00,52.06
2018-12-11 22:00:00,51.34
2018-12-12 22:00:00,52.99
2018-12-13 22:00:00,51.41
2018-12-16 22:00:00,49.5
2018-12-17 22:00:00,46.2
2018-12-18 22:00:00,47.4
2018-12-19 22:00:00,46.2
2018-12-20 22:00:00,45.43
2018-12-23 22:00:00,42.51
2018-12-25 22:00:00,46.65
2018-12-26 22:00:00,45.45
2018-12-27 22:00:00,45.16
2018-12-30 22:00:00,45.93
2019-01-01 22:00:00,46.43
2019-01-02 22:00:00,46.94
2019-01-03 22:00:00,48.47
2019-01-06 22:00:00,48.89
2019-01-07 22:00:00,49.96
2019-01-08 22:00:00,52.37
2019-01-09 22:00:00,52.47
2019-01-10 22:00:00,51.89
2019-01-13 22:00:00,50.99
2019-01-14 22:00:00,52.23
2019-01-15 22:00:00,52.57
2019-01-16 22:00:00,52.44
2019-01-17 22:00:00,54.04
2019-01-20 22:00:00,54.2
2019-01-21 22:00:00,52.99
2019-01-22 22:00:00,52.35
2019-01-23 22:00:00,53.18
2019-01-24 22:00:00,53.6
2019-01-27 22:00:00,52.13
2019-01-28 22:00:00,53.31
2019-01-29 22:00:00,54.29
2019-01-30 22:00:00,54.09
2019-01-31 22:00:00,55.49
2019-02-03 22:00:00,54.98
2019-02-04 22:00:00,53.87
2019-02-05 22:00:00,54.11
2019-02-06 22:00:00,52.81
2019-02-07 22:00:00,52.99
2019-02-10 22:00:00,52.7
2019-02-11 22:00:00,53.61
2019-02-12 22:00:00,54.27
2019-02-13 22:00:00,54.81
2019-02-14 22:00:00,56.17
2019-02-17 22:00:00,56.36
2019-02-18 22:00:00,56.42
2019-02-19 22:00:00,57.26
2019-02-20 22:00:00,56.9
2019-02-21 22:00:00,57.25
2019-02-24 22:00:00,55.51
2019-02-25 22:00:00,56.11
2019-02-26 22:00:00,57.12
2019-02-27 22:00:00,57.43
2019-02-28 22:00:00,55.91
2019-03-03 22:00:00,56.6
2019-03-04 22:00:00,56.43
2019-03-05 22:00:00,56.37
2019-03-06 22:00:00,56.6
2019-03-07 22:00:00,56.22
2019-03-10 21:00:00,56.99
2019-03-11 21:00:00,57.3
2019-03-12 21:00:00,58.57
2019-03-13 21:00:00,58.75
2019-03-14 21:00:00,58.65
2019-03-17 21:00:00,59.25
2019-03-18 21:00:00,59.26
2019-03-19 21:00:00,59.97
2019-03-20 21:00:00,59.86
2019-03-21 21:00:00,58.91
2019-03-24 21:00:00,59.07
2019-03-25 21:00:00,60.01
2019-03-26 21:00:00,59.42
2019-03-27 21:00:00,59.53
2019-03-28 21:00:00,60.22
2019-03-31 21:00:00,61.76
2019-04-01 21:00:00,62.56
2019-04-02 21:00:00,62.49
2019-04-03 21:00:00,62.18
2019-04-04 21:00:00,63.27
2019-04-07 21:00:00,64.34
2019-04-08 21:00:00,64.17
2019-04-09 21:00:00,64.44
2019-04-10 21:00:00,63.75
2019-04-11 21:00:00,63.85
2019-04-14 21:00:00,63.66
2019-04-15 21:00:00,64.42
2019-04-16 21:00:00,63.79
2019-04-17 21:00:00,64.03
2019-04-21 21:00:00,65.62
2019-04-22 21:00:00,66.12
2019-04-23 21:00:00,65.73
2019-04-24 21:00:00,65.07
2019-04-25 21:00:00,62.85
2019-04-28 21:00:00,63.58
2019-04-29 21:00:00,63.45
2019-04-30 21:00:00,63.61
2019-05-01 21:00:00,61.56
2019-05-02 21:00:00,61.9
2019-05-05 21:00:00,62.62
2019-05-06 21:00:00,61.42
2019-05-07 21:00:00,62.02
2019-05-08 21:00:00,61.64
2019-05-09 21:00:00,61.82
2019-05-12 21:00:00,61.0
2019-05-13 21:00:00,61.49
2019-05-14 21:00:00,62.28
2019-05-15 21:00:00,63.26
2019-05-16 21:00:00,62.85
2019-05-19 21:00:00,63.25
2019-05-20 21:00:00,62.94
2019-05-21 21:00:00,61.29
2019-05-22 21:00:00,58.14
2019-05-23 21:00:00,59.03
2019-05-26 21:00:00,59.01
2019-05-27 21:00:00,59.09
2019-05-28 21:00:00,59.06
2019-05-29 21:00:00,56.43
2019-05-30 21:00:00,53.35
2019-06-02 21:00:00,52.87
2019-06-03 21:00:00,52.96
2019-06-04 21:00:00,51.74
2019-06-05 21:00:00,53.14
2019-06-06 21:00:00,54.1
2019-06-09 21:00:00,53.54
2019-06-10 21:00:00,53.19
2019-06-11 21:00:00,51.24
2019-06-12 21:00:00,52.41
2019-06-13 21:00:00,52.69
2019-06-16 21:00:00,52.11
2019-06-17 21:00:00,54.23
2019-06-18 21:00:00,54.34
2019-06-19 21:00:00,57.1
2019-06-20 21:00:00,57.57
2019-06-23 21:00:00,57.72
2019-06-24 21:00:00,58.72
2019-06-25 21:00:00,59.15
2019-06-26 21:00:00,59.25
2019-06-27 21:00:00,58.15
2019-06-30 21:00:00,59.17
2019-07-01 21:00:00,56.31
2019-07-02 21:00:00,57.42
2019-07-03 21:00:00,56.96
2019-07-04 21:00:00,57.74
2019-07-07 21:00:00,57.54
2019-07-08 21:00:00,58.36
2019-07-09 21:00:00,60.29
2019-07-10 21:00:00,60.41
2019-07-11 21:00:00,60.39
2019-07-14 21:00:00,59.37
2019-07-15 21:00:00,57.54
2019-07-16 21:00:00,56.67
2019-07-17 21:00:00,55.71
2019-07-18 21:00:00,55.87
2019-07-21 21:00:00,56.22
2019-07-22 21:00:00,57.1
2019-07-23 21:00:00,55.88
2019-07-24 21:00:00,55.89
2019-07-25 21:00:00,56.2
2019-07-28 21:00:00,57.06
2019-07-29 21:00:00,58.32
2019-07-30 21:00:00,57.89
2019-07-31 21:00:00,54.47
2019-08-01 21:00:00,55.19
2019-08-04 21:00:00,54.83
2019-08-05 21:00:00,53.39
2019-08-06 21:00:00,52.18
2019-08-07 21:00:00,52.83
2019-08-08 21:00:00,54.07
2019-08-11 21:00:00,54.67
2019-08-12 21:00:00,56.65
2019-08-13 21:00:00,54.88
2019-08-14 21:00:00,54.56
2019-08-15 21:00:00,54.75
2019-08-18 21:00:00,56.02
2019-08-19 21:00:00,56.0
2019-08-20 21:00:00,55.78
2019-08-21 21:00:00,55.28
2019-08-22 21:00:00,53.81
2019-08-25 21:00:00,53.69
2019-08-26 21:00:00,55.58
2019-08-27 21:00:00,55.81
2019-08-28 21:00:00,56.43
2019-08-29 21:00:00,54.87
2019-09-01 21:00:00,54.58
2019-09-02 21:00:00,53.78
2019-09-03 21:00:00,55.91
2019-09-04 21:00:00,56.12
2019-09-05 21:00:00,56.53
2019-09-08 21:00:00,57.89
2019-09-09 21:00:00,57.75
2019-09-10 21:00:00,55.83
2019-09-11 21:00:00,54.97
2019-09-12 21:00:00,54.75
2019-09-15 21:00:00,61.6
2019-09-16 21:00:00,58.53
2019-09-17 21:00:00,58.12
2019-09-18 21:00:00,58.57
2019-09-19 21:00:00,58.33
2019-09-22 21:00:00,58.4
2019-09-23 21:00:00,56.73
2019-09-24 21:00:00,56.52
2019-09-25 21:00:00,56.44
2019-09-26 21:00:00,56.04
2019-09-29 21:00:00,54.1
2019-09-30 21:00:00,53.86
2019-10-01 21:00:00,52.34
2019-10-02 21:00:00,52.18
2019-10-03 21:00:00,52.88
2019-10-06 21:00:00,52.7
2019-10-07 21:00:00,52.54
2019-10-08 21:00:00,52.6
2019-10-09 21:00:00,53.85
2019-10-10 21:00:00,54.87
2019-10-13 21:00:00,53.48
2019-10-14 21:00:00,52.94
2019-10-15 21:00:00,53.02
2019-10-16 21:00:00,54.12
2019-10-17 21:00:00,53.74
2019-10-20 21:00:00,53.58
2019-10-21 21:00:00,54.3
2019-10-22 21:00:00,55.83
2019-10-23 21:00:00,56.04
2019-10-24 21:00:00,56.58
2019-10-27 21:00:00,55.74
2019-10-28 21:00:00,55.5
2019-10-29 21:00:00,54.87
2019-10-30 21:00:00,54.11
2019-10-31 21:00:00,56.1
2019-11-03 22:00:00,56.55
2019-11-04 22:00:00,57.23
2019-11-05 22:00:00,56.35
2019-11-06 22:00:00,57.03
2019-11-07 22:00:00,57.38
2019-11-10 22:00:00,56.89
2019-11-11 22:00:00,56.78
2019-11-12 22:00:00,57.37
2019-11-13 22:00:00,56.99
2019-11-14 22:00:00,57.9
2019-11-17 22:00:00,56.9
2019-11-18 22:00:00,55.19
2019-11-19 22:00:00,57.01
2019-11-20 22:00:00,58.23
2019-11-21 22:00:00,57.83
2019-11-24 22:00:00,57.83
2019-11-25 22:00:00,58.24
2019-11-26 22:00:00,58.06
2019-11-27 22:00:00,58.03
2019-11-28 22:00:00,55.18
2019-12-01 22:00:00,55.88
2019-12-02 22:00:00,56.19
2019-12-03 22:00:00,58.25
2019-12-04 22:00:00,58.28
2019-12-05 22:00:00,59.01
2019-12-08 22:00:00,58.77
2019-12-09 22:00:00,58.97
2019-12-10 22:00:00,58.7
2019-12-11 22:00:00,59.06
2019-12-12 22:00:00,59.7
2019-12-15 22:00:00,60.09
2019-12-16 22:00:00,60.44
2019-12-17 22:00:00,60.72
2019-12-18 22:00:00,60.97
2019-12-19 22:00:00,60.27
2019-12-22 22:00:00,60.55
2019-12-23 22:00:00,61.02
2019-12-25 22:00:00,61.6
2019-12-26 22:00:00,61.53
2019-12-29 22:00:00,61.5
2019-12-30 22:00:00,61.01
2020-01-01 22:00:00,60.99
2020-01-02 22:00:00,62.85
2020-01-05 22:00:00,62.65
2020-01-06 22:00:00,62.52
2020-01-07 22:00:00,59.8
2020-01-08 22:00:00,59.45
2020-01-09 22:00:00,59.1
2020-01-12 22:00:00,58.04
2020-01-13 22:00:00,58.11
2020-01-14 22:00:00,58.07
2020-01-15 22:00:00,58.56
2020-01-16 22:00:00,58.77
2020-01-19 22:00:00,58.86
2020-01-20 22:00:00,58.2
2020-01-21 22:00:00,56.09
2020-01-22 22:00:00,55.65
2020-01-23 22:00:00,54.23
2020-01-26 22:00:00,52.77
2020-01-27 22:00:00,53.92
2020-01-28 22:00:00,53.07
2020-01-29 22:00:00,52.94
2020-01-30 22:00:00,51.6
2020-02-02 22:00:00,49.94
2020-02-03 22:00:00,49.5
2020-02-04 22:00:00,51.26
2020-02-05 22:00:00,51.18
2020-02-06 22:00:00,50.54
2020-02-09 22:00:00,49.78
2020-02-10 22:00:00,50.06
2020-02-11 22:00:00,51.82
2020-02-12 22:00:00,51.7
2020-02-13 22:00:00,52.39
2020-02-16 22:00:00,52.4
2020-02-17 22:00:00,52.32
2020-02-18 22:00:00,53.68
2020-02-19 22:00:00,53.68
2020-02-20 22:00:00,53.31
2020-02-23 22:00:00,51.32
2020-02-24 22:00:00,50.06
2020-02-25 22:00:00,48.62
2020-02-26 22:00:00,46.36
2020-02-27 22:00:00,45.33
2020-03-01 22:00:00,47.54
2020-03-02 22:00:00,47.14
2020-03-03 22:00:00,47.25
2020-03-04 22:00:00,46.06
2020-03-05 22:00:00,41.69
2020-03-08 21:00:00,30.34
2020-03-09 21:00:00,34.99
2020-03-10 21:00:00,33.38
2020-03-11 21:00:00,31.29
2020-03-12 21:00:00,33.14
2020-03-15 21:00:00,28.87
2020-03-16 21:00:00,27.14
2020-03-17 21:00:00,22.8
2020-03-18 21:00:00,25.61
2020-03-19 21:00:00,23.62
2020-03-22 21:00:00,24.18
2020-03-23 21:00:00,24.84
2020-03-24 21:00:00,24.91
2020-03-25 21:00:00,24.12
2020-03-26 21:00:00,23.14
2020-03-29 21:00:00,21.77
2020-03-30 21:00:00,22.03
2020-03-31 21:00:00,22.7
2020-04-01 21:00:00,26.2
2020-04-02 21:00:00,30.19
2020-04-05 21:00:00,28.88
2020-04-06 21:00:00,27.67
2020-04-07 21:00:00,29.68
2020-04-08 21:00:00,27.9
2020-04-12 21:00:00,28.22
2020-04-13 21:00:00,27.14
2020-04-14 21:00:00,25.99
2020-04-15 21:00:00,25.92
2020-04-16 21:00:00,25.28
2020-04-19 21:00:00,21.68
2020-04-20 21:00:00,13.99
2020-04-21 21:00:00,15.56
2020-04-22 21:00:00,17.97
2020-04-23 21:00:00,18.29
2020-04-26 21:00:00,14.73
2020-04-27 21:00:00,15.09
2020-04-28 21:00:00,17.07
2020-04-29 21:00:00,20.54
2020-04-30 21:00:00,21.03
2020-05-03 21:00:00,22.49
2020-05-04 21:00:00,26.44
2020-05-05 21:00:00,25.1
2020-05-06 21:00:00,24.39
2020-05-07 21:00:00,25.69
2020-05-10 21:00:00,25.16
2020-05-11 21:00:00,25.82
2020-05-12 21:00:00,25.86
2020-05-13 21:00:00,27.94
2020-05-14 21:00:00,29.79
2020-05-17 21:00:00,32.33
2020-05-18 21:00:00,31.91
2020-05-19 21:00:00,33.53
2020-05-20 21:00:00,34.0
2020-05-21 21:00:00,33.58
2020-05-24 21:00:00,34.1
2020-05-25 21:00:00,34.17
2020-05-26 21:00:00,32.27
2020-05-27 21:00:00,33.73
2020-05-28 21:00:00,35.49
2020-05-31 21:00:00,35.71
2020-06-01 21:00:00,36.93
2020-06-02 21:00:00,36.76
2020-06-03 21:00:00,37.42
2020-06-04 21:00:00,39.01
2020-06-07 21:00:00,38.28
2020-06-08 21:00:00,38.49
2020-06-09 21:00:00,39.16
2020-06-10 21:00:00,36.29
2020-06-11 21:00:00,36.69
2020-06-14 21:00:00,37.13
2020-06-15 21:00:00,37.9
2020-06-16 21:00:00,37.75
2020-06-17 21:00:00,38.76
2020-06-18 21:00:00,39.26
2020-06-21 21:00:00,40.42
2020-06-22 21:00:00,39.82
2020-06-23 21:00:00,37.88
2020-06-24 21:00:00,38.89
2020-06-25 21:00:00,38.01
2020-06-28 21:00:00,39.47
2020-06-29 21:00:00,39.63
2020-06-30 21:00:00,39.58
2020-07-01 21:00:00,40.18
2020-07-02 21:00:00,40.18
2020-07-05 21:00:00,40.51
2020-07-06 21:00:00,40.36
2020-07-07 21:00:00,40.8
2020-07-08 21:00:00,39.5
2020-07-09 21:00:00,40.45
2020-07-12 21:00:00,39.56
2020-07-13 21:00:00,40.45
2020-07-14 21:00:00,40.97
2020-07-15 21:00:00,40.7
2020-07-16 21:00:00,40.57
2020-07-19 21:00:00,40.63
2020-07-20 21:00:00,41.36
2020-07-21 21:00:00,41.71
2020-07-22 21:00:00,40.86
2020-07-23 21:00:00,41.14
2020-07-26 21:00:00,41.52
2020-07-27 21:00:00,40.92
2020-07-28 21:00:00,41.16
2020-07-29 21:00:00,40.2
2020-07-30 21:00:00,40.3
2020-08-02 21:00:00,40.65
2020-08-03 21:00:00,41.44
2020-08-04 21:00:00,42.12
2020-08-05 21:00:00,41.86
2020-08-06 21:00:00,41.52
2020-08-09 21:00:00,41.92
2020-08-10 21:00:00,41.59
2020-08-11 21:00:00,42.5
2020-08-12 21:00:00,42.31
2020-08-13 21:00:00,42.17
2020-08-16 21:00:00,42.77
2020-08-17 21:00:00,42.45
2020-08-18 21:00:00,42.67
2020-08-19 21:00:00,42.46
2020-08-20 21:00:00,41.97
2020-08-23 21:00:00,42.14
2020-08-24 21:00:00,43.13
2020-08-25 21:00:00,43.2
2020-08-26 21:00:00,42.79
2020-08-27 21:00:00,42.72
2020-08-30 21:00:00,42.62
2020-08-31 21:00:00,42.81
2020-09-01 21:00:00,41.43
2020-09-02 21:00:00,41.14
2020-09-03 21:00:00,39.34
2020-09-06 21:00:00,38.96
2020-09-07 21:00:00,36.75
2020-09-08 21:00:00,37.67
2020-09-09 21:00:00,36.89
2020-09-10 21:00:00,37.23
2020-09-13 21:00:00,37.21
2020-09-14 21:00:00,38.36
2020-09-15 21:00:00,40.16
2020-09-16 21:00:00,40.96
2020-09-17 21:00:00,40.92
2020-09-20 21:00:00,39.58
2020-09-21 21:00:00,39.54
2020-09-22 21:00:00,39.34
2020-09-23 21:00:00,39.98
2020-09-24 21:00:00,39.9
2020-09-27 21:00:00,40.41
2020-09-28 21:00:00,38.93
2020-09-29 21:00:00,39.69
2020-09-30 21:00:00,38.45
2020-10-01 21:00:00,36.93
2020-10-04 21:00:00,39.22
2020-10-05 21:00:00,39.8
2020-10-06 21:00:00,39.95
2020-10-07 21:00:00,41.18
2020-10-08 21:00:00,40.46
2020-10-11 21:00:00,39.48
2020-10-12 21:00:00,40.12
2020-10-13 21:00:00,41.06
2020-10-14 21:00:00,40.9
2020-10-15 21:00:00,40.69
2020-10-18 21:00:00,40.67
2020-10-19 21:00:00,40.94
2020-10-20 21:00:00,39.75
2020-10-21 21:00:00,40.37
2020-10-22 21:00:00,39.5
2020-10-25 21:00:00,38.37
2020-10-26 21:00:00,38.75
2020-10-27 21:00:00,37.15
2020-10-28 21:00:00,35.87
2020-10-29 21:00:00,35.57
2020-11-01 22:00:00,36.92
2020-11-02 22:00:00,37.96
2020-11-03 22:00:00,38.99
2020-11-04 22:00:00,38.35
2020-11-05 22:00:00,37.32
2020-11-08 22:00:00,39.73
2020-11-09 22:00:00,41.71
2020-11-10 22:00:00,41.35
2020-11-11 22:00:00,40.84
2020-11-12 22:00:00,40.09
2020-11-15 22:00:00,41.41
2020-11-16 22:00:00,41.34
2020-11-17 22:00:00,41.56
2020-11-18 22:00:00,41.65
2020-11-19 22:00:00,42.18
2020-11-22 22:00:00,42.64
2020-11-23 22:00:00,44.63
2020-11-24 22:00:00,45.7
2020-11-25 22:00:00,44.78
2020-11-26 22:00:00,45.38
2020-11-29 22:00:00,44.88
2020-11-30 22:00:00,44.17
2020-12-01 22:00:00,44.81
2020-12-02 22:00:00,45.48
2020-12-03 22:00:00,45.99
2020-12-06 22:00:00,45.55
2020-12-07 22:00:00,45.49
2020-12-08 22:00:00,45.6
2020-12-09 22:00:00,46.86
2020-12-10 22:00:00,46.44
2020-12-13 22:00:00,46.97
2020-12-14 22:00:00,47.56
2020-12-15 22:00:00,47.89
2020-12-16 22:00:00,48.39
2020-12-17 22:00:00,49.09
2020-12-20 22:00:00,47.68
2020-12-21 22:00:00,46.62
2020-12-22 22:00:00,47.92
2020-12-23 22:00:00,48.16
2020-12-27 22:00:00,47.57
2020-12-28 22:00:00,47.96
2020-12-29 22:00:00,48.2
2020-12-30 22:00:00,48.32
2021-01-03 22:00:00,47.24
2021-01-04 22:00:00,49.76
2021-01-05 22:00:00,50.42
2021-01-06 22:00:00,50.85
2021-01-07 22:00:00,52.58
2021-01-10 22:00:00,52.12
2021-01-11 22:00:00,53.24
2021-01-12 22:00:00,52.83
2021-01-13 22:00:00,53.66
2021-01-14 22:00:00,52.03
2021-01-17 22:00:00,52.06
2021-01-18 22:00:00,52.93
2021-01-19 22:00:00,52.89
2021-01-20 22:00:00,52.94
2021-01-21 22:00:00,51.97
2021-01-24 22:00:00,52.83
2021-01-25 22:00:00,52.67
2021-01-26 22:00:00,52.58
2021-01-27 22:00:00,52.04
2021-01-28 22:00:00,52.1
2021-01-31 22:00:00,53.5
2021-02-01 22:00:00,55.01
2021-02-02 22:00:00,55.88
2021-02-03 22:00:00,56.43
2021-02-04 22:00:00,56.98
2021-02-07 22:00:00,58.05
2021-02-08 22:00:00,58.43
2021-02-09 22:00:00,58.3
2021-02-10 22:00:00,57.86
2021-02-11 22:00:00,59.68
2021-02-14 22:00:00,60.09
2021-02-15 22:00:00,60.12
2021-02-16 22:00:00,61.6
2021-02-17 22:00:00,60.2
2021-02-18 22:00:00,58.88
2021-02-21 22:00:00,62.11
2021-02-22 22:00:00,61.15
2021-02-23 22:00:00,63.39
2021-02-24 22:00:00,63.42
2021-02-25 22:00:00,61.54
2021-02-28 22:00:00,60.11
2021-03-01 22:00:00,59.37
2021-03-02 22:00:00,60.94
2021-03-03 22:00:00,63.94
2021-03-04 22:00:00,66.3
2021-03-07 22:00:00,64.62
2021-03-08 22:00:00,63.75
2021-03-09 22:00:00,64.6
2021-03-10 22:00:00,65.83
2021-03-11 22:00:00,65.44
2021-03-14 21:00:00,65.224
2021-03-15 21:00:00,64.911
2021-03-16 21:00:00,64.393
2021-03-17 21:00:00,59.435
2021-03-18 21:00:00,61.317
2021-03-21 21:00:00,61.195
2021-03-22 21:00:00,57.323
2021-03-23 21:00:00,60.783
2021-03-24 21:00:00,58.27
2021-03-25 21:00:00,60.72
2021-03-28 21:00:00,61.528
2021-03-29 21:00:00,60.374
2021-03-30 21:00:00,59.426
2021-03-31 21:00:00,61.216
2021-04-04 21:00:00,58.711
2021-04-05 21:00:00,59.187
2021-04-06 21:00:00,59.523
2021-04-07 21:00:00,59.699
2021-04-08 21:00:00,59.295
2021-04-11 21:00:00,59.588
2021-04-12 21:00:00,60.449
2021-04-13 21:00:00,62.705
2021-04-14 21:00:00,63.291
2021-04-15 21:00:00,63.047
2021-04-18 21:00:00,63.4
2021-04-19 21:00:00,62.263
2021-04-20 21:00:00,60.966
2021-04-21 21:00:00,61.558
2021-04-22 21:00:00,61.97
2021-04-25 21:00:00,61.906
2021-04-26 21:00:00,62.972
2021-04-27 21:00:00,63.589
2021-04-28 21:00:00,64.75
2021-04-29 21:00:00,63.363
2021-05-02 21:00:00,64.479
2021-05-03 21:00:00,66.06
2021-05-04 21:00:00,65.203
2021-05-05 21:00:00,64.785
2021-05-06 21:00:00,64.773
2021-05-09 21:00:00,64.844
2021-05-10 21:00:00,65.341
2021-05-11 21:00:00,65.698
2021-05-12 21:00:00,63.721
2021-05-13 21:00:00,65.478
2021-05-16 21:00:00,66.339
2021-05-17 21:00:00,65.257
2021-05-18 21:00:00,63.304
2021-05-19 21:00:00,61.715
2021-05-20 21:00:00,63.87
2021-05-23 21:00:00,65.957
2021-05-24 21:00:00,65.947
2021-05-25 21:00:00,66.093
2021-05-26 21:00:00,66.809
2021-05-27 21:00:00,66.594
2021-05-30 21:00:00,66.884
2021-05-31 21:00:00,67.922
2021-06-01 21:00:00,68.703
2021-06-02 21:00:00,68.893
2021-06-03 21:00:00,69.364
2021-06-06 21:00:00,69.186
2021-06-07 21:00:00,69.982
2021-06-08 21:00:00,69.698
2021-06-09 21:00:00,70.048
2021-06-10 21:00:00,70.789
2021-06-13 21:00:00,71.171
2021-06-14 21:00:00,72.432
2021-06-15 21:00:00,71.593
2021-06-16 21:00:00,71.013
2021-06-17 21:00:00,71.434
2021-06-20 21:00:00,73.395
2021-06-21 21:00:00,73.423
2021-06-22 21:00:00,73.586
2021-06-23 21:00:00,73.624
2021-06-24 21:00:00,74.275
2021-06-27 21:00:00,73.038
2021-06-28 21:00:00,73.678
2021-06-29 21:00:00,73.696
2021-06-30 21:00:00,75.179
2021-07-01 21:00:00,75.267
2021-07-04 21:00:00,76.55
2021-07-05 21:00:00,73.953
2021-07-06 21:00:00,72.327
2021-07-07 21:00:00,73.368
2021-07-08 21:00:00,74.738
2021-07-11 21:00:00,74.23
2021-07-12 21:00:00,75.284
2021-07-13 21:00:00,72.977
2021-07-14 21:00:00,71.498
2021-07-15 21:00:00,71.436
2021-07-18 21:00:00,66.834
2021-07-19 21:00:00,66.725
2021-07-20 21:00:00,70.471
2021-07-21 21:00:00,71.968
2021-07-22 21:00:00,72.4
2021-07-25 21:00:00,72.401
2021-07-26 21:00:00,72.105
2021-07-27 21:00:00,72.572
2021-07-28 21:00:00,73.595
2021-07-29 21:00:00,73.886
2021-08-01 21:00:00,71.61
2021-08-02 21:00:00,70.398
2021-08-03 21:00:00,68.143
2021-08-04 21:00:00,69.221
2021-08-05 21:00:00,68.005
2021-08-08 21:00:00,66.865
2021-08-09 21:00:00,68.554
2021-08-10 21:00:00,69.411
2021-08-11 21:00:00,68.961
2021-08-12 21:00:00,68.02
2021-08-15 21:00:00,67.458
2021-08-16 21:00:00,66.553
2021-08-17 21:00:00,64.388
2021-08-18 21:00:00,63.857
2021-08-19 21:00:00,62.11
2021-08-22 21:00:00,65.662
2021-08-23 21:00:00,67.792
2021-08-24 21:00:00,68.186
2021-08-25 21:00:00,67.944
2021-08-26 21:00:00,68.824
2021-08-29 21:00:00,69.245
2021-08-30 21:00:00,68.611
2021-08-31 21:00:00,68.339
2021-09-01 21:00:00,69.885
2021-09-02 21:00:00,69.257
2021-09-05 21:00:00,69.014
2021-09-06 21:00:00,68.449
2021-09-07 21:00:00,69.453
2021-09-08 21:00:00,67.935
2021-09-09 21:00:00,69.71
2021-09-12 21:00:00,70.695
2021-09-13 21:00:00,70.761
2021-09-14 21:00:00,72.551
2021-09-15 21:00:00,72.588
2021-09-16 21:00:00,72.013
2021-09-19 21:00:00,70.549
2021-09-20 21:00:00,71.053
2021-09-21 21:00:00,72.178
2021-09-22 21:00:00,73.414
2021-09-23 21:00:00,74.178
2021-09-26 21:00:00,75.567
2021-09-27 21:00:00,74.496
2021-09-28 21:00:00,74.834
2021-09-29 21:00:00,75.222
2021-09-30 21:00:00,75.825
2021-10-03 21:00:00,77.708
2021-10-04 21:00:00,79.187
2021-10-05 21:00:00,76.985
2021-10-06 21:00:00,78.924
2021-10-07 21:00:00,79.611
2021-10-10 21:00:00,80.546
2021-10-11 21:00:00,80.607
2021-10-12 21:00:00,80.638
2021-10-13 21:00:00,81.592
2021-10-14 21:00:00,82.491
2021-10-17 21:00:00,82.11
2021-10-18 21:00:00,83.063
2021-10-19 21:00:00,84.182
2021-10-20 21:00:00,83.195
2021-10-21 21:00:00,84.641
2021-10-24 21:00:00,84.169
2021-10-25 21:00:00,84.934
2021-10-26 21:00:00,82.455
2021-10-27 21:00:00,83.471
2021-10-28 21:00:00,83.658
2021-10-31 21:00:00,84.211
2021-11-01 21:00:00,83.283
2021-11-02 21:00:00,80.392
2021-11-03 21:00:00,79.64
2021-11-04 21:00:00,81.383
2021-11-07 22:00:00,82.378
2021-11-08 22:00:00,84.729
2021-11-09 22:00:00,81.422
2021-11-10 22:00:00,81.308
2021-11-11 22:00:00,80.818
2021-11-14 22:00:00,80.92
2021-11-15 22:00:00,80.786
2021-11-16 22:00:00,78.488
2021-11-17 22:00:00,79.323
2021-11-18 22:00:00,76.683
2021-11-21 22:00:00,77.32
2021-11-22 22:00:00,79.362
2021-11-23 22:00:00,79.143
2021-11-24 22:00:00,78.841
2021-11-25 22:00:00,68.877
2021-11-28 22:00:00,70.628
2021-11-29 22:00:00,67.454
2021-11-30 22:00:00,66.197
2021-12-01 22:00:00,67.883
2021-12-02 22:00:00,66.799
2021-12-05 22:00:00,70.426
2021-12-06 22:00:00,72.162
2021-12-07 22:00:00,72.993
2021-12-08 22:00:00,70.894
2021-12-09 22:00:00,72.222
2021-12-12 22:00:00,71.377
2021-12-13 22:00:00,70.485
2021-12-14 22:00:00,71.66
2021-12-15 22:00:00,72.136
2021-12-16 22:00:00,70.435
2021-12-19 22:00:00,69.495
2021-12-20 22:00:00,71.615
2021-12-21 22:00:00,73.316
2021-12-22 22:00:00,74.027
2021-12-26 22:00:00,76.223
2021-12-27 22:00:00,76.27
2021-12-28 22:00:00,76.845
2021-12-29 22:00:00,76.692
2021-12-30 22:00:00,75.565
2022-01-02 22:00:00,76.205
2022-01-03 22:00:00,77.371
2022-01-04 22:00:00,77.378
2022-01-05 22:00:00,79.826
2022-01-06 22:00:00,78.991
2022-01-09 22:00:00,78.506
2022-01-10 22:00:00,81.398
2022-01-11 22:00:00,82.847
2022-01-12 22:00:00,81.841
2022-01-13 22:00:00,84.416
2022-01-16 22:00:00,84.409
2022-01-17 22:00:00,86.49
2022-01-18 22:00:00,85.61
2022-01-19 22:00:00,85.109
2022-01-20 22:00:00,85.362
2022-01-23 22:00:00,84.613
2022-01-24 22:00:00,85.621
2022-01-25 22:00:00,87.696
2022-01-26 22:00:00,87.742
2022-01-27 22:00:00,87.804
2022-01-30 22:00:00,88.496
2022-01-31 22:00:00,88.719
2022-02-01 22:00:00,88.348
2022-02-02 22:00:00,90.498
2022-02-03 22:00:00,92.281
2022-02-06 22:00:00,91.896
2022-02-07 22:00:00,90.021
2022-02-08 22:00:00,90.225
2022-02-09 22:00:00,90.251
2022-02-10 22:00:00,94.092
2022-02-13 22:00:00,94.978
2022-02-14 22:00:00,92.223
2022-02-15 22:00:00,90.843
2022-02-16 22:00:00,91.905
2022-02-17 22:00:00,92.67
2022-02-20 22:00:00,94.532
2022-02-21 22:00:00,93.235
2022-02-22 22:00:00,93.854
2022-02-23 22:00:00,94.508
2022-02-24 22:00:00,93.357
2022-02-27 22:00:00,97.165
2022-02-28 22:00:00,107.844
2022-03-01 22:00:00,112.781
2022-03-02 22:00:00,109.356
2022-03-03 22:00:00,116.507
2022-03-06 22:00:00,121.537
2022-03-07 22:00:00,125.802
2022-03-08 22:00:00,110.928
2022-03-09 22:00:00,106.626
2022-03-10 22:00:00,109.915
2022-03-13 21:00:00,102.51
2022-03-14 21:00:00,95.721
2022-03-15 21:00:00,95.847
2022-03-16 21:00:00,104.183
2022-03-17 21:00:00,105.876
2022-03-20 21:00:00,112.934
2022-03-21 21:00:00,110.678
2022-03-22 21:00:00,116.248
2022-03-23 21:00:00,113.027
2022-03-24 21:00:00,114.661
2022-03-27 21:00:00,104.875
2022-03-28 21:00:00,106.703
2022-03-29 21:00:00,108.787
2022-03-30 21:00:00,102.444
2022-03-31 21:00:00,100.531
2022-04-03 21:00:00,104.735
2022-04-04 21:00:00,102.118
2022-04-05 21:00:00,97.835
2022-04-06 21:00:00,97.882
2022-04-07 21:00:00,98.534
2022-04-10 21:00:00,95.677
2022-04-11 21:00:00,101.491
2022-04-12 21:00:00,104.627
2022-04-13 21:00:00,106.872
2022-04-17 21:00:00,107.793
2022-04-18 21:00:00,103.152
2022-04-19 21:00:00,103.152
2022-04-20 21:00:00,104.744
2022-04-21 21:00:00,102.313
2022-04-24 21:00:00,99.18
2022-04-25 21:00:00,102.391
2022-04-26 21:00:00,102.633
2022-04-27 21:00:00,105.66
2022-04-28 21:00:00,104.609
2022-05-01 21:00:00,105.554
2022-05-02 21:00:00,103.872
2022-05-03 21:00:00,107.93
2022-05-04 21:00:00,109.019
2022-05-05 21:00:00,110.839
2022-05-08 21:00:00,102.617
2022-05-09 21:00:00,99.614
2022-05-10 21:00:00,105.83
2022-05-11 21:00:00,106.822
2022-05-12 21:00:00,110.214
2022-05-15 21:00:00,113.452
2022-05-16 21:00:00,112.538
2022-05-17 21:00:00,108.545
2022-05-18 21:00:00,111.009
2022-05-19 21:00:00,111.967
2022-05-22 21:00:00,112.143
2022-05-23 21:00:00,111.75
2022-05-24 21:00:00,112.158
2022-05-25 21:00:00,115.685
2022-05-26 21:00:00,116.39
2022-05-29 21:00:00,118.44
2022-05-30 21:00:00,116.442
2022-05-31 21:00:00,115.922
2022-06-01 21:00:00,118.608
2022-06-02 21:00:00,121.377
2022-06-05 21:00:00,120.293
2022-06-06 21:00:00,120.538
2022-06-07 21:00:00,123.184
2022-06-08 21:00:00,122.134
2022-06-09 21:00:00,121.101
2022-06-12 21:00:00,121.391
2022-06-13 21:00:00,119.386
2022-06-14 21:00:00,116.467
2022-06-15 21:00:00,117.44
2022-06-16 21:00:00,111.222
2022-06-19 21:00:00,111.311
2022-06-20 21:00:00,111.975
2022-06-21 21:00:00,106.504
2022-06-22 21:00:00,106.07
2022-06-23 21:00:00,109.164
2022-06-26 21:00:00,111.681
2022-06-27 21:00:00,113.689
2022-06-28 21:00:00,111.225
2022-06-29 21:00:00,107.491
2022-06-30 21:00:00,109.929
2022-07-03 21:00:00,111.931
2022-07-04 21:00:00,100.661
2022-07-05 21:00:00,99.143
2022-07-06 21:00:00,103.107
2022-07-07 21:00:00,105.727
2022-07-10 21:00:00,104.15
2022-07-11 21:00:00,96.144
2022-07-12 21:00:00,96.932
2022-07-13 21:00:00,96.398
2022-07-14 21:00:00,97.117
2022-07-17 21:00:00,101.602
2022-07-18 21:00:00,103.146
2022-07-19 21:00:00,102.425
2022-07-20 21:00:00,98.987
2022-07-21 21:00:00,97.533
2022-07-24 21:00:00,98.57
2022-07-25 21:00:00,97.524
2022-07-26 21:00:00,100.2
2022-07-27 21:00:00,99.235
2022-07-28 21:00:00,100.081
2022-07-31 21:00:00,95.604
2022-08-01 21:00:00,95.267
2022-08-02 21:00:00,92.299
2022-08-03 21:00:00,89.027
2022-08-04 21:00:00,89.683
2022-08-07 21:00:00,91.459
2022-08-08 21:00:00,91.434
2022-08-09 21:00:00,92.434
2022-08-10 21:00:00,94.84
2022-08-11 21:00:00,92.614
2022-08-14 21:00:00,88.345
2022-08-15 21:00:00,87.724
2022-08-16 21:00:00,87.816
2022-08-17 21:00:00,90.997
2022-08-18 21:00:00,90.598
2022-08-21 21:00:00,91.405
2022-08-22 21:00:00,94.651
2022-08-23 21:00:00,96.204
2022-08-24 21:00:00,93.811
2022-08-25 21:00:00,93.739
2022-08-28 21:00:00,97.67
2022-08-29 21:00:00,92.922
2022-08-30 21:00:00,89.432
2022-08-31 21:00:00,86.9
2022-09-01 21:00:00,87.58
2022-09-04 21:00:00,89.334
2022-09-05 21:00:00,87.317
2022-09-06 21:00:00,82.108
2022-09-07 21:00:00,83.035
2022-09-08 21:00:00,86.471
2022-09-11 21:00:00,88.329
2022-09-12 21:00:00,87.779
2022-09-13 21:00:00,89.122
2022-09-14 21:00:00,85.196
2022-09-15 21:00:00,85.521
2022-09-18 21:00:00,85.5
2022-09-19 21:00:00,84.728
2022-09-20 21:00:00,83.423
2022-09-21 21:00:00,83.93
2022-09-22 21:00:00,79.775
2022-09-25 21:00:00,76.662
2022-09-26 21:00:00,78.324
2022-09-27 21:00:00,82.186
2022-09-28 21:00:00,81.924
2022-09-29 21:00:00,79.969
2022-10-02 21:00:00,83.584
2022-10-03 21:00:00,86.588
2022-10-04 21:00:00,88.266
2022-10-05 21:00:00,89.141
2022-10-06 21:00:00,93.51
2022-10-09 21:00:00,90.989
2022-10-10 21:00:00,88.726
2022-10-11 21:00:00,87.155
2022-10-12 21:00:00,89.303
2022-10-13 21:00:00,85.794
2022-10-16 21:00:00,85.829
2022-10-17 21:00:00,83.979
2022-10-18 21:00:00,85.841
2022-10-19 21:00:00,86.006
2022-10-20 21:00:00,86.07
2022-10-23 21:00:00,85.781
2022-10-24 21:00:00,85.774
2022-10-25 21:00:00,89.146
2022-10-26 21:00:00,89.406
2022-10-27 21:00:00,89.12
2022-10-30 21:00:00,86.872
2022-10-31 21:00:00,89.213
2022-11-01 21:00:00,89.94
2022-11-02 21:00:00,88.527
2022-11-03 21:00:00,93.114
2022-11-06 22:00:00,92.34
2022-11-07 22:00:00,89.098
2022-11-08 22:00:00,86.02
2022-11-09 22:00:00,86.555
2022-11-10 22:00:00,89.214
2022-11-13 22:00:00,85.465
2022-11-14 22:00:00,87.076
2022-11-15 22:00:00,85.539
2022-11-16 22:00:00,82.669
2022-11-17 22:00:00,81.043
2022-11-20 22:00:00,80.934
2022-11-21 22:00:00,81.798
2022-11-22 22:00:00,78.016
2022-11-23 22:00:00,78.605
2022-11-24 22:00:00,77.135
2022-11-27 22:00:00,77.002
2022-11-28 22:00:00,79.395
2022-11-29 22:00:00,80.951
2022-11-30 22:00:00,81.872
2022-12-01 22:00:00,80.695
2022-12-04 22:00:00,77.688
2022-12-05 22:00:00,74.772
2022-12-06 22:00:00,72.635
2022-12-07 22:00:00,72.026
2022-12-08 22:00:00,71.728
2022-12-11 22:00:00,73.473
2022-12-12 22:00:00,75.369
2022-12-13 22:00:00,77.534
2022-12-14 22:00:00,76.479
2022-12-15 22:00:00,74.718
2022-12-18 22:00:00,75.944
2022-12-19 22:00:00,76.081
2022-12-20 22:00:00,78.481
2022-12-21 22:00:00,78.252
2022-12-22 22:00:00,79.415
2022-12-26 22:00:00,79.931
2022-12-27 22:00:00,78.876
2022-12-28 22:00:00,78.758
2022-12-29 22:00:00,80.491
2023-01-02 22:00:00,77.258
2023-01-03 22:00:00,73.197
2023-01-04 22:00:00,73.949
2023-01-05 22:00:00,73.735
2023-01-08 22:00:00,74.891
2023-01-09 22:00:00,74.702
2023-01-10 22:00:00,77.72
2023-01-11 22:00:00,78.267
2023-01-12 22:00:00,80.078
2023-01-15 22:00:00,78.916
2023-01-16 22:00:00,81.043
2023-01-17 22:00:00,79.198
2023-01-18 22:00:00,80.6
2023-01-19 22:00:00,81.489
2023-01-22 22:00:00,81.396
2023-01-23 22:00:00,80.03
2023-01-24 22:00:00,80.22
2023-01-25 22:00:00,80.909
2023-01-26 22:00:00,79.228
2023-01-29 22:00:00,77.627
2023-01-30 22:00:00,78.865
2023-01-31 22:00:00,76.534
2023-02-01 22:00:00,75.805
2023-02-02 22:00:00,73.044
2023-02-05 22:00:00,74.303
2023-02-06 22:00:00,77.46
2023-02-07 22:00:00,78.36
2023-02-08 22:00:00,77.556
2023-02-09 22:00:00,79.679
2023-02-12 22:00:00,79.066
2023-02-13 22:00:00,78.768
2023-02-14 22:00:00,78.471
2023-02-15 22:00:00,77.994
2023-02-16 22:00:00,76.354
2023-02-19 22:00:00,77.199
2023-02-20 22:00:00,75.965
2023-02-21 22:00:00,73.637
2023-02-22 22:00:00,75.454
2023-02-23 22:00:00,76.318
2023-02-26 22:00:00,75.554
2023-02-27 22:00:00,76.643
2023-02-28 22:00:00,77.543
2023-03-01 22:00:00,77.729
2023-03-02 22:00:00,79.702
2023-03-05 22:00:00,80.361
2023-03-06 22:00:00,77.066
2023-03-07 22:00:00,76.358
2023-03-08 22:00:00,75.515
2023-03-09 22:00:00,76.486
2023-03-12 21:00:00,74.591
2023-03-13 21:00:00,71.42
2023-03-14 21:00:00,68.149
2023-03-15 21:00:00,68.179
2023-03-16 21:00:00,66.374
2023-03-19 21:00:00,67.607
2023-03-20 21:00:00,69.308
2023-03-21 21:00:00,69.702
2023-03-22 21:00:00,69.283
2023-03-23 21:00:00,69.059
2023-03-26 21:00:00,72.703
2023-03-27 21:00:00,73.417
2023-03-28 21:00:00,72.639
2023-03-29 21:00:00,74.197
2023-03-30 21:00:00,75.51
2023-04-02 21:00:00,80.281
2023-04-03 21:00:00,80.877
2023-04-04 21:00:00,80.203
2023-04-05 21:00:00,80.334
2023-04-09 21:00:00,79.804
2023-04-10 21:00:00,81.369
2023-04-11 21:00:00,83.164
2023-04-12 21:00:00,82.332
2023-04-13 21:00:00,82.546
2023-04-16 21:00:00,80.969
2023-04-17 21:00:00,80.928
2023-04-18 21:00:00,79.04
2023-04-19 21:00:00,77.157
2023-04-20 21:00:00,77.906
2023-04-23 21:00:00,78.692
2023-04-24 21:00:00,77.129
2023-04-25 21:00:00,74.356
2023-04-26 21:00:00,74.815
2023-04-27 21:00:00,76.714
2023-04-30 21:00:00,75.734
2023-05-01 21:00:00,71.531
2023-05-02 21:00:00,68.118
2023-05-03 21:00:00,68.597
2023-05-04 21:00:00,71.326
2023-05-07 21:00:00,72.787
2023-05-08 21:00:00,73.511
2023-05-09 21:00:00,72.759
2023-05-10 21:00:00,71.402
2023-05-11 21:00:00,70.071
2023-05-14 21:00:00,71.291
2023-05-15 21:00:00,70.544
2023-05-16 21:00:00,72.729
2023-05-17 21:00:00,72.023
2023-05-18 21:00:00,71.951
2023-05-21 21:00:00,72.108
2023-05-22 21:00:00,73.772
2023-05-23 21:00:00,74.211
2023-05-24 21:00:00,71.804
2023-05-25 21:00:00,72.848
2023-05-28 21:00:00,73.047
2023-05-29 21:00:00,69.517
2023-05-30 21:00:00,67.57
2023-05-31 21:00:00,70.139
2023-06-01 21:00:00,71.924
2023-06-04 21:00:00,71.885
2023-06-05 21:00:00,71.414
2023-06-06 21:00:00,72.433
2023-06-07 21:00:00,70.916
2023-06-08 21:00:00,70.345
2023-06-11 21:00:00,67.31
2023-06-12 21:00:00,69.255
2023-06-13 21:00:00,68.681
2023-06-14 21:00:00,70.601
2023-06-15 21:00:00,71.468
2023-06-18 21:00:00,71.357
2023-06-19 21:00:00,70.71
2023-06-20 21:00:00,72.191
2023-06-21 21:00:00,69.38
2023-06-22 21:00:00,69.364
2023-06-25 21:00:00,69.386
2023-06-26 21:00:00,67.837
2023-06-27 21:00:00,69.05
2023-06-28 21:00:00,69.673
2023-06-29 21:00:00,70.336
2023-07-02 21:00:00,70.023
2023-07-03 21:00:00,70.939
2023-07-04 21:00:00,71.735
2023-07-05 21:00:00,71.809
2023-07-06 21:00:00,73.587
2023-07-09 21:00:00,73.129
2023-07-10 21:00:00,74.713
2023-07-11 21:00:00,75.781
2023-07-12 21:00:00,77.092
2023-07-13 21:00:00,75.267
2023-07-16 21:00:00,74.1
2023-07-17 21:00:00,75.769
2023-07-18 21:00:00,75.417
2023-07-19 21:00:00,75.735
2023-07-20 21:00:00,76.849
2023-07-23 21:00:00,78.964
2023-07-24 21:00:00,79.357
2023-07-25 21:00:00,78.949
2023-07-26 21:00:00,79.827
2023-07-27 21:00:00,80.646
2023-07-30 21:00:00,81.799
2023-07-31 21:00:00,82.192
2023-08-01 21:00:00,79.718
2023-08-02 21:00:00,81.722
2023-08-03 21:00:00,82.68
2023-08-06 21:00:00,82.483
2023-08-07 21:00:00,82.826
2023-08-08 21:00:00,84.209
2023-08-09 21:00:00,82.856
2023-08-10 21:00:00,83.059
2023-08-13 21:00:00,82.461
2023-08-14 21:00:00,81.032
2023-08-15 21:00:00,79.348
2023-08-16 21:00:00,80.024
2023-08-17 21:00:00,81.121
2023-08-20 21:00:00,80.592
2023-08-21 21:00:00,79.995
2023-08-22 21:00:00,78.911
2023-08-23 21:00:00,79.204
2023-08-24 21:00:00,80.436
2023-08-27 21:00:00,80.274
2023-08-28 21:00:00,81.565
2023-08-29 21:00:00,81.983
2023-08-30 21:00:00,83.846
2023-08-31 21:00:00,86.244
2023-09-03 21:00:00,86.212
2023-09-04 21:00:00,86.887
2023-09-05 21:00:00,87.774
2023-09-06 21:00:00,86.927
2023-09-07 21:00:00,87.338
2023-09-10 21:00:00,87.424
2023-09-11 21:00:00,88.881
2023-09-12 21:00:00,88.923
2023-09-13 21:00:00,90.862
2023-09-14 21:00:00,91.119
2023-09-17 21:00:00,91.626
2023-09-18 21:00:00,91.363
2023-09-19 21:00:00,89.787
2023-09-20 21:00:00,90.124
2023-09-21 21:00:00,90.843
2023-09-24 21:00:00,90.374
2023-09-25 21:00:00,91.012
2023-09-26 21:00:00,94.209
2023-09-27 21:00:00,92.258
2023-09-28 21:00:00,91.222
2023-10-01 21:00:00,88.975
2023-10-02 21:00:00,89.761
2023-10-03 21:00:00,84.724
2023-10-04 21:00:00,82.803
2023-10-05 21:00:00,83.085
2023-10-08 21:00:00,86.613
2023-10-09 21:00:00,86.107
2023-10-10 21:00:00,83.357
2023-10-11 21:00:00,83.634
2023-10-12 21:00:00,87.795
2023-10-15 21:00:00,86.97
2023-10-16 21:00:00,87.658
2023-10-17 21:00:00,88.406
2023-10-18 21:00:00,90.437
2023-10-19 21:00:00,89.48
2023-10-22 21:00:00,87.166
2023-10-23 21:00:00,84.643
2023-10-24 21:00:00,86.23
2023-10-25 21:00:00,84.392
2023-10-26 21:00:00,85.983
2023-10-29 21:00:00,83.302
2023-10-30 21:00:00,82.059
2023-10-31 21:00:00,81.56
2023-11-01 21:00:00,83.102
2023-11-02 21:00:00,81.398
2023-11-05 22:00:00,81.396
2023-11-06 22:00:00,77.568
2023-11-07 22:00:00,75.945
2023-11-08 22:00:00,75.947
2023-11-09 22:00:00,77.627
2023-11-12 22:00:00,78.785
2023-11-13 22:00:00,78.409
2023-11-14 22:00:00,76.963
2023-11-15 22:00:00,73.385
2023-11-16 22:00:00,76.297
2023-11-19 22:00:00,77.85
2023-11-20 22:00:00,78.032
2023-11-21 22:00:00,76.989
2023-11-22 22:00:00,76.626
2023-11-23 22:00:00,75.393
2023-11-26 22:00:00,75.192
2023-11-27 22:00:00,76.727
2023-11-28 22:00:00,77.861
2023-11-29 22:00:00,75.767
2023-11-30 22:00:00,74.54
2023-12-03 22:00:00,73.386
2023-12-04 22:00:00,72.15
2023-12-05 22:00:00,69.321
2023-12-06 22:00:00,69.683
2023-12-07 22:00:00,71.357
2023-12-10 22:00:00,71.432
2023-12-11 22:00:00,68.762
2023-12-12 22:00:00,69.908
2023-12-13 22:00:00,71.743
2023-12-14 22:00:00,71.887
2023-12-17 22:00:00,72.669
2023-12-18 22:00:00,73.981
2023-12-19 22:00:00,73.582
2023-12-20 22:00:00,73.766
2023-12-21 22:00:00,73.351
2023-12-25 22:00:00,75.167
2023-12-26 22:00:00,73.669
2023-12-27 22:00:00,71.887
2023-12-28 22:00:00,71.148
2024-01-01 22:00:00,70.362
2024-01-02 22:00:00,72.853
2024-01-03 22:00:00,72.268
2024-01-04 22:00:00,73.811
2024-01-07 22:00:00,70.798
2024-01-08 22:00:00,72.096
2024-01-09 22:00:00,71.212
2024-01-10 22:00:00,72.735
2024-01-11 22:00:00,72.665
2024-01-14 22:00:00,72.421
2024-01-15 22:00:00,71.779
2024-01-16 22:00:00,72.527
2024-01-17 22:00:00,73.669
2024-01-18 22:00:00,73.234
2024-01-21 22:00:00,74.456
2024-01-22 22:00:00,74.33
2024-01-23 22:00:00,75.203
2024-01-24 22:00:00,76.935
2024-01-25 22:00:00,77.978
2024-01-28 22:00:00,76.839
2024-01-29 22:00:00,77.637
2024-01-30 22:00:00,75.699
2024-01-31 22:00:00,73.776
2024-02-01 22:00:00,72.233
2024-02-04 22:00:00,72.69
2024-02-05 22:00:00,73.354
2024-02-06 22:00:00,73.963
2024-02-07 22:00:00,76.366
2024-02-08 22:00:00,76.46
2024-02-11 22:00:00,76.854
2024-02-12 22:00:00,77.693
2024-02-13 22:00:00,76.466
2024-02-14 22:00:00,77.808
2024-02-15 22:00:00,78.448
2024-02-18 22:00:00,78.428
2024-02-19 22:00:00,77.37
2024-02-20 22:00:00,78.205
2024-02-21 22:00:00,78.518
2024-02-22 22:00:00,76.746
2024-02-25 22:00:00,77.737
2024-02-26 22:00:00,78.651
2024-02-27 22:00:00,78.418
2024-02-28 22:00:00,78.401
2024-02-29 22:00:00,79.916
2024-03-03 22:00:00,78.817
2024-03-04 22:00:00,78.223
2024-03-05 22:00:00,79.177
2024-03-06 22:00:00,79.515
2024-03-07 22:00:00,77.865
2024-03-10 21:00:00,78.169
2024-03-11 21:00:00,78.061
2024-03-12 21:00:00,79.624
2024-03-13 21:00:00,80.92
2024-03-14 21:00:00,80.963
2024-03-17 21:00:00,82.601
2024-03-18 21:00:00,82.89
2024-03-19 21:00:00,81.792
2024-03-20 21:00:00,81.162
2024-03-21 21:00:00,81.2
2024-03-24 21:00:00,82.279
2024-03-25 21:00:00,81.573
2024-03-26 21:00:00,81.998
2024-03-27 21:00:00,83.396
2024-03-31 21:00:00,84.204
2024-04-01 21:00:00,85.676
2024-04-02 21:00:00,85.859
2024-04-03 21:00:00,87.015
2024-04-04 21:00:00,86.926
2024-04-07 21:00:00,86.702
2024-04-08 21:00:00,85.472
2024-04-09 21:00:00,86.386
2024-04-10 21:00:00,85.647
2024-04-11 21:00:00,85.534
2024-04-14 21:00:00,85.732
2024-04-15 21:00:00,85.331
2024-04-16 21:00:00,82.876
2024-04-17 21:00:00,82.441
2024-04-18 21:00:00,82.655
2024-04-21 21:00:00,82.604
2024-04-22 21:00:00,83.845
2024-04-23 21:00:00,83.249
2024-04-24 21:00:00,84.222
2024-04-25 21:00:00,84.084
2024-04-28 21:00:00,83.057
2024-04-29 21:00:00,81.82
2024-04-30 21:00:00,79.412
2024-05-01 21:00:00,79.361
2024-05-02 21:00:00,78.245
2024-05-05 21:00:00,78.894
2024-05-06 21:00:00,78.567
2024-05-07 21:00:00,79.423
2024-05-08 21:00:00,79.737
2024-05-09 21:00:00,78.327
2024-05-12 21:00:00,79.306
2024-05-13 21:00:00,78.47
2024-05-14 21:00:00,78.819
2024-05-15 21:00:00,79.318
2024-05-16 21:00:00,79.944
2024-05-19 21:00:00,79.582
2024-05-20 21:00:00,78.578
2024-05-21 21:00:00,77.605
2024-05-22 21:00:00,77.301
2024-05-23 21:00:00,78.071
2024-05-26 21:00:00,78.868
2024-05-27 21:00:00,80.564
2024-05-28 21:00:00,79.566
2024-05-29 21:00:00,78.118
2024-05-30 21:00:00,77.477
2024-06-02 21:00:00,74.173
2024-06-03 21:00:00,73.058
2024-06-04 21:00:00,74.454
2024-06-05 21:00:00,75.795
2024-06-06 21:00:00,75.512
2024-06-09 21:00:00,78.354
2024-06-10 21:00:00,78.265
2024-06-11 21:00:00,78.377
2024-06-12 21:00:00,78.008
2024-06-13 21:00:00,78.485
2024-06-16 21:00:00,80.365
2024-06-17 21:00:00,81.152
2024-06-18 21:00:00,81.027
2024-06-19 21:00:00,81.6
2024-06-20 21:00:00,80.93
2024-06-23 21:00:00,82.064
2024-06-24 21:00:00,81.058
2024-06-25 21:00:00,81.172
2024-06-26 21:00:00,82.088
2024-06-27 21:00:00,81.795
2024-06-30 21:00:00,83.635
2024-07-01 21:00:00,83.392
2024-07-02 21:00:00,83.826
2024-07-03 21:00:00,84.292
2024-07-04 21:00:00,83.495
2024-07-07 21:00:00,82.406
2024-07-08 21:00:00,81.928
2024-07-09 21:00:00,82.572
2024-07-10 21:00:00,83.051
2024-07-11 21:00:00,82.312
2024-07-14 21:00:00,82.051
2024-07-15 21:00:00,80.828
2024-07-16 21:00:00,82.697
2024-07-17 21:00:00,81.895
2024-07-18 21:00:00,80.119
2024-07-21 21:00:00,79.637
2024-07-22 21:00:00,78.807
2024-07-23 21:00:00,78.806
2024-07-24 21:00:00,79.596
2024-07-25 21:00:00,77.729
2024-07-28 21:00:00,76.993
2024-07-29 21:00:00,76.272
2024-07-30 21:00:00,79.572
2024-07-31 21:00:00,77.852
2024-08-01 21:00:00,75.041
2024-08-04 21:00:00,74.64
2024-08-05 21:00:00,73.71
2024-08-06 21:00:00,76.079
2024-08-07 21:00:00,76.649
2024-08-08 21:00:00,77.569
2024-08-11 21:00:00,80.028
2024-08-12 21:00:00,78.977
2024-08-13 21:00:00,77.497
2024-08-14 21:00:00,78.337
2024-08-15 21:00:00,76.856
2024-08-18 21:00:00,75.015
2024-08-19 21:00:00,74.235
2024-08-20 21:00:00,73.028
2024-08-21 21:00:00,74.041
2024-08-22 21:00:00,75.974
2024-08-25 21:00:00,78.072
2024-08-26 21:00:00,76.635
2024-08-27 21:00:00,75.228
2024-08-28 21:00:00,76.811
2024-08-29 21:00:00,74.404
2024-09-01 21:00:00,74.693
2024-09-02 21:00:00,70.806
2024-09-03 21:00:00,69.809
2024-09-04 21:00:00,69.871
2024-09-05 21:00:00,68.664
2024-09-08 21:00:00,69.213
2024-09-09 21:00:00,66.656
2024-09-10 21:00:00,67.669
2024-09-11 21:00:00,69.482
2024-09-12 21:00:00,69.465
2024-09-15 21:00:00,70.643
2024-09-16 21:00:00,71.206
2024-09-17 21:00:00,70.159
2024-09-18 21:00:00,72.134
2024-09-19 21:00:00,72.217
2024-09-22 21:00:00,71.586
2024-09-23 21:00:00,72.405
2024-09-24 21:00:00,70.625
2024-09-25 21:00:00,68.214
2024-09-26 21:00:00,69.374
2024-09-29 21:00:00,68.943
2024-09-30 21:00:00,71.363
2024-10-01 21:00:00,71.592
2024-10-02 21:00:00,74.252
2024-10-03 21:00:00,75.002
2024-10-06 21:00:00,77.75
2024-10-07 21:00:00,74.32
2024-10-08 21:00:00,73.74
2024-10-09 21:00:00,75.959
2024-10-10 21:00:00,75.769
2024-10-13 21:00:00,72.228
2024-10-14 21:00:00,71.218
2024-10-15 21:00:00,70.847
2024-10-16 21:00:00,70.897
2024-10-17 21:00:00,69.486
2024-10-20 21:00:00,70.355
2024-10-21 21:00:00,71.855
2024-10-22 21:00:00,71.575
2024-10-23 21:00:00,70.856
2024-10-24 21:00:00,72.176
2024-10-27 21:00:00,68.437
2024-10-28 21:00:00,67.907
2024-10-29 21:00:00,69.498
2024-10-30 21:00:00,70.888
2024-10-31 21:00:00,69.688
2024-11-03 22:00:00,72.019
2024-11-04 22:00:00,72.26
2024-11-05 22:00:00,72.12
2024-11-06 22:00:00,72.411
2024-11-07 22:00:00,70.681
2024-11-10 22:00:00,68.292
2024-11-11 22:00:00,68.112
2024-11-12 22:00:00,68.183
2024-11-13 22:00:00,68.733
2024-11-14 22:00:00,67.143
2024-11-17 22:00:00,69.324
2024-11-18 22:00:00,69.505
2024-11-19 22:00:00,69.215
2024-11-20 22:00:00,70.308
2024-11-21 22:00:00,71.402
2024-11-24 22:00:00,69.212
2024-11-25 22:00:00,69.126
2024-11-26 22:00:00,68.909
2024-11-27 22:00:00,69.013
2024-11-28 22:00:00,68.266
2024-12-01 22:00:00,68.256
2024-12-02 22:00:00,70.05
2024-12-03 22:00:00,68.773
2024-12-04 22:00:00,68.487
2024-12-05 22:00:00,67.2
2024-12-08 22:00:00,68.2
2024-12-09 22:00:00,68.514
2024-12-10 22:00:00,70.407
2024-12-11 22:00:00,70.031
2024-12-12 22:00:00,71.094
2024-12-15 22:00:00,70.645
2024-12-16 22:00:00,70.205
2024-12-17 22:00:00,69.858
2024-12-18 22:00:00,69.612
2024-12-19 22:00:00,69.94
2024-12-22 22:00:00,69.904
2024-12-23 22:00:00,70.492
2024-12-25 22:00:00,69.968
2024-12-26 22:00:00,70.556
2024-12-29 22:00:00,71.4
2024-12-30 22:00:00,72.118
2025-01-01 22:00:00,73.333
2025-01-02 22:00:00,74.291
2025-01-05 22:00:00,73.595
2025-01-06 22:00:00,74.583
2025-01-07 22:00:00,73.451
2025-01-08 22:00:00,74.439
2025-01-09 22:00:00,76.657
2025-01-12 22:00:00,78.851
2025-01-13 22:00:00,78.532
2025-01-14 22:00:00,80.76
2025-01-15 22:00:00,79.528
2025-01-16 22:00:00,78.976
2025-01-19 22:00:00,77.94
2025-01-20 22:00:00,77.468
2025-01-21 22:00:00,76.926
2025-01-22 22:00:00,75.743
2025-01-23 22:00:00,75.991
2025-01-26 22:00:00,74.334
2025-01-27 22:00:00,75.151
2025-01-28 22:00:00,74.159
2025-01-29 22:00:00,74.316
2025-01-30 22:00:00,74.824
2025-02-02 22:00:00,73.187
2025-02-03 22:00:00,73.564
2025-02-04 22:00:00,71.932
2025-02-05 22:00:00,71.259
2025-02-06 22:00:00,71.707
2025-02-09 22:00:00,72.979
2025-02-10 22:00:00,73.647
2025-02-11 22:00:00,71.625
2025-02-12 22:00:00,71.862
2025-02-13 22:00:00,70.88
2025-02-16 22:00:00,71.542
2025-02-17 22:00:00,71.91
2025-02-18 22:00:00,72.207
2025-02-19 22:00:00,72.615
2025-02-20 22:00:00,70.264
2025-02-23 22:00:00,70.939
2025-02-24 22:00:00,69.058
2025-02-25 22:00:00,68.846
2025-02-26 22:00:00,70.125
2025-02-27 22:00:00,69.974
2025-03-02 22:00:00,68.489
2025-03-03 22:00:00,68.068
2025-03-04 22:00:00,66.396
2025-03-05 22:00:00,66.275
2025-03-06 22:00:00,67.064
2025-03-09 21:00:00,65.909
2025-03-10 21:00:00,66.588
2025-03-11 21:00:00,67.696
2025-03-12 21:00:00,66.785
2025-03-13 21:00:00,67.174
2025-03-16 21:00:00,67.469
2025-03-17 21:00:00,66.738
2025-03-18 21:00:00,67.226
2025-03-19 21:00:00,68.555
2025-03-20 21:00:00,68.509
2025-03-23 21:00:00,69.321
2025-03-24 21:00:00,69.355
2025-03-25 21:00:00,70.089
2025-03-26 21:00:00,70.043
2025-03-27 21:00:00,69.176
2025-03-30 21:00:00,71.498
2025-03-31 21:00:00,71.242
2025-04-01 21:00:00,70.826
2025-04-02 21:00:00,66.72
2025-04-03 21:00:00,62.404
2025-04-06 21:00:00,61.026
2025-04-07 21:00:00,58.29
2025-04-08 21:00:00,62.774
2025-04-09 21:00:00,60.338
2025-04-10 21:00:00,61.522
2025-04-13 21:00:00,61.623
2025-04-14 21:00:00,61.507
2025-04-15 21:00:00,62.471
2025-04-16 21:00:00,64.235
2025-04-20 21:00:00,63.171
2025-04-21 21:00:00,64.025
2025-04-22 21:00:00,62.747
2025-04-23 21:00:00,63.22
2025-04-24 21:00:00,63.572
2025-04-27 21:00:00,62.27
2025-04-28 21:00:00,60.522
2025-04-29 21:00:00,58.555
2025-04-30 21:00:00,59.307
2025-05-01 21:00:00,58.65
2025-05-04 21:00:00,57.457
2025-05-05 21:00:00,59.25
2025-05-06 21:00:00,58.172
2025-05-07 21:00:00,60.465
2025-05-08 21:00:00,61.267
2025-05-11 21:00:00,62.105
2025-05-12 21:00:00,63.737
2025-05-13 21:00:00,62.97
2025-05-14 21:00:00,61.772
2025-05-15 21:00:00,62.435
2025-05-18 21:00:00,62.622
2025-05-19 21:00:00,62.695
2025-05-20 21:00:00,61.78
2025-05-21 21:00:00,61.225
2025-05-22 21:00:00,62.14
2025-05-25 21:00:00,61.886
2025-05-26 21:00:00,61.421
2025-05-27 21:00:00,62.206
2025-05-28 21:00:00,61.231
2025-05-29 21:00:00,61.077
2025-06-01 21:00:00,63.272
2025-06-02 21:00:00,63.577
2025-06-03 21:00:00,62.962
2025-06-04 21:00:00,63.448
2025-06-05 21:00:00,64.983
2025-06-08 21:00:00,65.528
2025-06-09 21:00:00,64.863
2025-06-10 21:00:00,68.389
2025-06-11 21:00:00,68.944
2025-06-12 21:00:00,73.011
2025-06-15 21:00:00,71.477
2025-06-16 21:00:00,75.222
2025-06-17 21:00:00,74.527
2025-06-18 21:00:00,75.232
2025-06-19 21:00:00,75.358
2025-06-22 21:00:00,68.517
2025-06-23 21:00:00,66.224
2025-06-24 21:00:00,66.1
2025-06-25 21:00:00,66.336
2025-06-26 21:00:00,66.163
2025-06-29 21:00:00,65.922
2025-06-30 21:00:00,66.439
2025-07-01 21:00:00,68.385
2025-07-02 21:00:00,67.982
2025-07-03 21:00:00,67.268
2025-07-06 21:00:00,68.558
2025-07-07 21:00:00,68.784
2025-07-08 21:00:00,68.851
2025-07-09 21:00:00,67.387
2025-07-10 21:00:00,69.154
2025-07-13 21:00:00,67.183
2025-07-14 21:00:00,66.97
2025-07-15 21:00:00,66.796
2025-07-16 21:00:00,67.683
2025-07-17 21:00:00,67.379
2025-07-20 21:00:00,66.968
2025-07-21 21:00:00,66.615
2025-07-22 21:00:00,66.535
2025-07-23 21:00:00,67.234
2025-07-24 21:00:00,66.104
2025-07-27 21:00:00,67.883
2025-07-28 21:00:00,70.143
2025-07-29 21:00:00,71.132
2025-07-30 21:00:00,70.172
2025-07-31 21:00:00,67.932
2025-08-03 21:00:00,66.87
2025-08-04 21:00:00,65.76
2025-08-05 21:00:00,64.85
2025-08-06 21:00:00,64.329
2025-08-07 21:00:00,63.809
2025-08-10 21:00:00,64.358
2025-08-11 21:00:00,63.388
2025-08-12 21:00:00,62.997
2025-08-13 21:00:00,64.167
2025-08-14 21:00:00,63.407
2025-08-17 21:00:00,63.536
2025-08-18 21:00:00,62.905
2025-08-19 21:00:00,63.735
2025-08-20 21:00:00,64.338
2025-08-21 21:00:00,64.581
2025-08-24 21:00:00,65.5
2025-08-25 21:00:00,64.013
2025-08-26 21:00:00,64.526
2025-08-27 21:00:00,64.969
2025-08-28 21:00:00,64.612
2025-08-31 21:00:00,65.171
2025-09-01 21:00:00,66.164
2025-09-02 21:00:00,64.267
2025-09-03 21:00:00,63.8
2025-09-04 21:00:00,62.413
2025-09-07 21:00:00,62.813
2025-09-08 21:00:00,63.106
2025-09-09 21:00:00,64.049
2025-09-10 21:00:00,62.542
2025-09-11 21:00:00,62.845
2025-09-14 21:00:00,63.454
2025-09-15 21:00:00,64.697
2025-09-16 21:00:00,64.12
2025-09-17 21:00:00,63.783
2025-09-18 21:00:00,62.796
2025-09-21 21:00:00,62.695
2025-09-22 21:00:00,63.983
2025-09-23 21:00:00,65.14
2025-09-24 21:00:00,65.538
2025-09-25 21:00:00,65.465
2025-09-28 21:00:00,63.408
2025-09-29 21:00:00,62.676
2025-09-30 21:00:00,62.023
2025-10-01 21:00:00,60.911
2025-10-02 21:00:00,60.918
2025-10-05 21:00:00,61.901
2025-10-06 21:00:00,62.199
2025-10-07 21:00:00,62.446
2025-10-08 21:00:00,61.664
2025-10-09 21:00:00,58.521
2025-10-12 21:00:00,59.644
2025-10-13 21:00:00,58.662
2025-10-14 21:00:00,58.809
2025-10-15 21:00:00,57.457
2025-10-16 21:00:00,57.715
2025-10-19 21:00:00,57.397
2025-10-20 21:00:00,58.035
2025-10-21 21:00:00,59.739
2025-10-22 21:00:00,62.184
2025-10-23 21:00:00,61.878
2025-10-26 21:00:00,61.901
2025-10-27 21:00:00,60.535
2025-10-28 21:00:00,60.68
2025-10-29 21:00:00,60.634
2025-10-30 21:00:00,61.168
2025-11-02 22:00:00,61.271
2025-11-03 22:00:00,60.656
2025-11-04 22:00:00,59.85
2025-11-05 22:00:00,59.724
2025-11-06 22:00:00,59.989
2025-11-09 22:00:00,60.192
2025-11-10 22:00:00,61.166
2025-11-11 22:00:00,58.6
2025-11-12 22:00:00,58.715
2025-11-13 22:00:00,59.979
2025-11-16 22:00:00,59.762
2025-11-17 22:00:00,60.666
2025-11-18 22:00:00,59.471
2025-11-19 22:00:00,58.805
2025-11-20 22:00:00,58.033
2025-11-23 22:00:00,58.948
2025-11-24 22:00:00,58.136
2025-11-25 22:00:00,58.585
2025-11-26 22:00:00,59.133
2025-11-27 22:00:00,58.501
2025-11-30 22:00:00,59.546
2025-12-01 22:00:00,58.624
2025-12-02 22:00:00,59.113
2025-12-03 22:00:00,59.741
2025-12-04 22:00:00,60.149
2025-12-07 22:00:00,58.854
2025-12-08 22:00:00,58.392
2025-12-09 22:00:00,58.95
2025-12-10 22:00:00,57.899
2025-12-11 22:00:00,57.507
2025-12-14 22:00:00,56.682
2025-12-15 22:00:00,55.17
2025-12-16 22:00:00,56.838
2025-12-17 22:00:00,56.007
2025-12-18 22:00:00,56.645
2025-12-21 22:00:00,58.045
2025-12-22 22:00:00,58.561
2025-12-23 22:00:00,58.468
2025-12-25 22:00:00,57.001
2025-12-28 22:00:00,57.901
2025-12-29 22:00:00,58.027
2025-12-30 22:00:00,57.464
2026-01-01 22:00:00,57.377
2026-01-04 22:00:00,58.377
2026-01-05 22:00:00,56.993
2026-01-06 22:00:00,56.4
2026-01-07 22:00:00,58.416
2026-01-08 22:00:00,58.773
2026-01-11 22:00:00,59.872
2026-01-12 22:00:00,61.119
2026-01-13 22:00:00,61.056
2026-01-14 22:00:00,59.292
2026-01-15 22:00:00,59.37
2026-01-18 22:00:00,59.55
2026-01-19 22:00:00,59.646
2026-01-20 22:00:00,60.792
2026-01-21 22:00:00,59.768
2026-01-22 22:00:00,61.394
2026-01-25 22:00:00,60.931
2026-01-26 22:00:00,62.647
2026-01-27 22:00:00,63.582
2026-01-28 22:00:00,65.588
2026-01-29 22:00:00,65.834
2026-02-01 22:00:00,62.401
2026-02-02 22:00:00,63.957
2026-02-03 22:00:00,64.583
2026-02-04 22:00:00,63.169
2026-02-05 22:00:00,63.534
2026-02-08 22:00:00,64.472
2026-02-09 22:00:00,64.227
2026-02-10 22:00:00,64.933
2026-02-11 22:00:00,62.949
2026-02-12 22:00:00,62.815
2026-02-15 22:00:00,63.742
2026-02-16 22:00:00,62.278
2026-02-17 22:00:00,65.023
2026-02-18 22:00:00,66.799
2026-02-19 22:00:00,66.425
2026-02-22 22:00:00,66.383
2026-02-23 22:00:00,66.159
2026-02-24 22:00:00,65.655
2026-02-25 22:00:00,65.511
2026-02-26 22:00:00,67.317
2026-03-01 22:00:00,71.112
2026-03-02 22:00:00,74.878
2026-03-03 22:00:00,76.114
2026-03-04 22:00:00,78.93
2026-03-05 22:00:00,91.096
2026-03-08 21:00:00,84.79
2026-03-09 21:00:00,86.546
2026-03-10 21:00:00,88.382
2026-03-11 21:00:00,96.348
2026-03-12 21:00:00,99.154
2026-03-15 21:00:00,94.113
2026-03-16 21:00:00,96.005
2026-03-17 21:00:00,99.79
2026-03-18 21:00:00,95.376
2026-03-19 21:00:00,98.742
2026-03-22 21:00:00,89.591
2026-03-23 21:00:00,89.118
2026-03-24 21:00:00,91.944
2026-03-25 21:00:00,94.311
2026-03-26 21:00:00,101.388
2026-03-29 21:00:00,105.469
2026-03-30 21:00:00,102.006
2026-03-31 21:00:00,99.333
2026-04-01 21:00:00,112.41
2026-04-05 21:00:00,112.987
2026-04-06 21:00:00,110.644
2026-04-07 21:00:00,96.831
2026-04-08 21:00:00,98.138
2026-04-09 21:00:00,95.805
2026-04-12 21:00:00,98.136
2026-04-13 21:00:00,92.203
2026-04-14 21:00:00,91.499
2026-04-15 21:00:00,93.286
2026-04-16 21:00:00,87.047
2026-04-19 21:00:00,89.428
2026-04-20 21:00:00,93.975
2026-04-21 21:00:00,96.288
2026-04-22 21:00:00,100.242
2026-04-23 21:00:00,98.015
2026-04-26 21:00:00,99.435
2026-04-27 21:00:00,102.329
2026-04-28 21:00:00,110.972
2026-04-29 21:00:00,107.826
2026-04-30 21:00:00,104.569
2026-05-03 21:00:00,106.959
2026-05-04 21:00:00,104.343
2026-05-05 21:00:00,97.826
2026-05-06 21:00:00,99.24
2026-05-07 21:00:00,96.093
2026-05-10 21:00:00,99.363
2026-05-11 21:00:00,103.027
2026-05-12 21:00:00,101.69
2026-05-13 21:00:00,102.624
2026-05-14 21:00:00,105.829
2026-05-17 21:00:00,106.849
2026-05-18 21:00:00,108.222
2026-05-19 21:00:00,103.098
2026-05-20 21:00:00,101.973
2026-05-21 21:00:00,100.758
2026-05-24 21:00:00,93.784
2026-05-25 21:00:00,96.889
2026-05-26 21:00:00,92.624
2026-05-27 21:00:00,91.76
2026-05-28 21:00:00,90.845
2026-05-31 21:00:00,95.071
2026-06-01 21:00:00,95.906
2026-06-02 21:00:00,98.491
2026-06-03 21:00:00,95.096
2026-06-04 21:00:00,92.352
2026-06-07 21:00:00,92.997
2026-06-08 21:00:00,90.303
2026-06-09 21:00:00,93.248
2026-06-10 21:00:00,87.833
2026-06-11 21:00:00,85.448
2026-06-14 21:00:00,81.994
2026-06-15 21:00:00,77.369
2026-06-16 21:00:00,76.385
2026-06-17 21:00:00,76.78
2026-06-18 21:00:00,77.685
2026-06-21 21:00:00,73.624
2026-06-22 21:00:00,72.583
2026-06-23 21:00:00,69.422
2026-06-24 21:00:00,71.008
2026-06-25 21:00:00,69.898
2026-06-26 21:00:00,70.339
2026-06-27 21:00:00,70.117
2026-06-28 21:00:00,70.042
2026-06-29 21:00:00,69.664
2026-06-30 21:00:00,67.644
2026-07-01 21:00:00,68.003
2026-07-02 21:00:00,68.103
2026-07-03 21:00:00,68.304
2026-07-04 21:00:00,68.21
2026-07-05 21:00:00,68.197
2026-07-06 21:00:00,71.742
2026-07-07 21:00:00,74.156
2026-07-08 21:00:00,71.379
2026-07-09 21:00:00,71.089
2026-07-10 21:00:00,71.384
2026-07-11 21:00:00,73.409
2026-07-12 21:00:00,77.264
2026-07-13 21:00:00,78.761
2026-07-14 21:00:00,79.337
2026-07-15 21:00:00,78.593
2026-07-16 21:00:00,81.376
2026-07-17 21:00:00,83.278
2026-07-18 21:00:00,83.312
2026-07-19 21:00:00,82.045
2026-07-20 21:00:00,84.142
2026-07-21 21:00:00,86.066
2026-07-22 21:00:00,91.949
2026-07-23 21:00:00,90.07
2026-07-24 21:00:00,86.557
2026-07-25 21:00:00,85.767
2026-07-26 21:00:00,81.431
2026-07-27 21:00:00,78.975
2026-07-28 21:00:00,84.504
2026-07-29 21:00:00,83.689
2026-07-30 21:00:00,85.653
2026-07-31 21:00:00,87.232
2026-08-01 21:00:00,80.965
2026-08-02 21:00:00,79.868
2026-08-03 21:00:00,75.018
2026-08-04 21:00:00,74.845
2026-08-05 21:00:00,78.048
2026-08-06 21:00:00,76.848
2026-08-07 21:00:00,77.221
2026-08-08 21:00:00,77.788
2026-08-09 21:00:00,81.868
2026-08-10 21:00:00,82.659
2026-08-11 21:00:00,82.203
2026-08-12 21:00:00,80.915
2026-08-13 21:00:00,81.965
2026-08-14 21:00:00,81.717
2026-08-15 21:00:00,81.98
2026-08-16 21:00:00,84.566
2026-08-17 21:00:00,84.736
2026-08-18 21:00:00,84.591
