DATETIME,gross_pnl_usd
1994-01-03 22:00:00,-196.99170414570597
1994-01-04 22:00:00,178.98002510110302
1994-01-05 22:00:00,-657.2111865258389
1994-01-06 22:00:00,-1258.3567133816243
1994-01-07 22:00:00,-728.186150233844
1994-01-10 22:00:00,1839.5202101901493
1994-01-11 22:00:00,-444.19226410421237
1994-01-12 22:00:00,-221.55534478060656
1994-01-13 22:00:00,-839.7694689354759
1994-01-14 22:00:00,470.71863133982356
1994-01-17 22:00:00,-443.899146151958
1994-01-18 22:00:00,417.4188718448147
1994-01-19 22:00:00,-23.211247229599223
1994-01-20 22:00:00,704.9077361368533
1994-01-21 22:00:00,297.6656167212973
1994-01-24 22:00:00,-682.9066389515988
1994-01-25 22:00:00,-378.297210605252
1994-01-26 22:00:00,-393.7084431312088
1994-01-27 22:00:00,624.7060923509944
1994-01-28 22:00:00,393.0605997831408
1994-01-31 22:00:00,597.8827408011257
1994-02-01 22:00:00,-1350.6366747203483
1994-02-02 22:00:00,9.018686592483995
1994-02-03 22:00:00,-162.62691491528642
1994-02-04 22:00:00,-1448.1278841353217
1994-02-07 22:00:00,-530.589593037311
1994-02-08 22:00:00,624.2441421248461
1994-02-09 22:00:00,442.3989586978117
1994-02-10 22:00:00,-414.7130061757744
1994-02-11 22:00:00,-246.1588904754355
1994-02-14 22:00:00,-46.316420434160364
1994-02-15 22:00:00,-8.227102885592647
1994-02-16 22:00:00,55.001305607846405
1994-02-17 22:00:00,-717.983353521599
1994-02-18 22:00:00,-134.5919860903043
1994-02-21 22:00:00,-287.1052163678724
1994-02-22 22:00:00,668.6401238227547
1994-02-23 22:00:00,356.4707174930177
1994-02-24 22:00:00,-1326.7475305966277
1994-02-25 22:00:00,100.71114142699622
1994-02-28 22:00:00,-69.23235292215227
1994-03-01 22:00:00,2414.7899956777264
1994-03-02 22:00:00,-642.1786994456152
1994-03-03 22:00:00,72.34443782108913
1994-03-04 22:00:00,362.4845176171408
1994-03-07 22:00:00,735.7280979461244
1994-03-08 22:00:00,-155.24367728299563
1994-03-09 22:00:00,-523.3080331582627
1994-03-10 22:00:00,-109.35134012469054
1994-03-11 22:00:00,-156.10024109654665
1994-03-14 22:00:00,406.3811897110279
1994-03-15 22:00:00,-158.78125306824148
1994-03-16 22:00:00,-170.9550889619803
1994-03-17 22:00:00,411.60814579730976
1994-03-18 22:00:00,-84.44734398521514
1994-03-21 22:00:00,-1212.8207822090085
1994-03-22 22:00:00,-136.39120196035063
1994-03-23 22:00:00,-279.646679332553
1994-03-24 22:00:00,-36.54723352625376
1994-03-25 22:00:00,97.38198427707567
1994-03-28 22:00:00,495.1153192640318
1994-03-29 22:00:00,-88.44527075690873
1994-03-30 22:00:00,468.0385266184198
1994-03-31 22:00:00,202.76199957529332
1994-04-01 22:00:00,-4699.050766892406
1994-04-04 22:00:00,428.43483638379246
1994-04-05 22:00:00,-1896.2426667691034
1994-04-06 22:00:00,-127.90474145467687
1994-04-07 22:00:00,201.5602682356
1994-04-08 22:00:00,146.44628043323561
1994-04-11 22:00:00,334.7628816009868
1994-04-12 22:00:00,-356.2934653800454
1994-04-13 22:00:00,54.442336300867495
1994-04-14 22:00:00,34.90609827058963
1994-04-15 22:00:00,412.1456714161229
1994-04-18 22:00:00,329.34537194125255
1994-04-19 22:00:00,-133.92849912256426
1994-04-20 22:00:00,-29.131440074517954
1994-04-21 22:00:00,-1126.1095564467537
1994-04-22 22:00:00,108.28632969700188
1994-04-25 22:00:00,-259.7207175855717
1994-04-26 22:00:00,-458.66294074376924
1994-04-27 22:00:00,124.68465783173099
1994-04-28 22:00:00,554.9346947290152
1994-04-29 22:00:00,89.57240003899989
1994-05-02 22:00:00,21.93372002260083
1994-05-03 22:00:00,368.18684818241013
1994-05-04 22:00:00,-296.0201323683352
1994-05-05 22:00:00,-426.52305309787687
1994-05-06 22:00:00,103.16118883174609
1994-05-09 22:00:00,374.30420892314237
1994-05-10 22:00:00,-925.406417007674
1994-05-11 22:00:00,-20.60394529157645
1994-05-12 22:00:00,68.06410115130456
1994-05-13 22:00:00,-176.18286387466242
1994-05-16 22:00:00,-36.63999294908257
1994-05-17 22:00:00,-121.53939444003593
1994-05-18 22:00:00,-291.58763105311584
1994-05-19 22:00:00,-151.23664536455215
1994-05-20 22:00:00,598.211679376255
1994-05-23 22:00:00,405.79779982821026
1994-05-24 22:00:00,-526.5117824459974
1994-05-25 22:00:00,-51.2070197925421
1994-05-26 22:00:00,-131.3958465584907
1994-05-27 22:00:00,457.09179520245755
1994-05-30 22:00:00,79.06560528459318
1994-05-31 22:00:00,422.8346343155919
1994-06-01 22:00:00,5435.817658745184
1994-06-02 22:00:00,-559.9554324092119
1994-06-03 22:00:00,-509.5793482417376
1994-06-06 22:00:00,-1063.6914867497626
1994-06-07 22:00:00,47.47667375917433
1994-06-08 22:00:00,857.4138451872914
1994-06-09 22:00:00,401.9154499243309
1994-06-10 22:00:00,-151.19509991480953
1994-06-13 22:00:00,1123.5407986556202
1994-06-14 22:00:00,-500.26671026235897
1994-06-15 22:00:00,756.8700351980351
1994-06-16 22:00:00,306.2149552083994
1994-06-17 22:00:00,1363.7591938181436
1994-06-20 22:00:00,546.900910888349
1994-06-21 22:00:00,-547.9985968289282
1994-06-22 22:00:00,-1052.0094284973663
1994-06-23 22:00:00,308.07550340615444
1994-06-24 22:00:00,625.6373622477777
1994-06-27 22:00:00,-1157.0977072866772
1994-06-28 22:00:00,278.43791253539393
1994-06-29 22:00:00,261.6578115548969
1994-06-30 22:00:00,623.4185811350404
1994-07-01 22:00:00,-2928.7790635091437
1994-07-04 22:00:00,7.124521260409759
1994-07-05 22:00:00,451.93243007155047
1994-07-06 22:00:00,335.74283096929526
1994-07-07 22:00:00,-742.6392393912045
1994-07-08 22:00:00,1002.6939067839398
1994-07-11 22:00:00,2231.873823528778
1994-07-12 22:00:00,-168.27758013145626
1994-07-13 22:00:00,-1705.1624961538928
1994-07-14 22:00:00,-756.5191204219325
1994-07-15 22:00:00,-413.1685712930454
1994-07-18 22:00:00,-664.3889974687354
1994-07-19 22:00:00,-415.4317744146118
1994-07-20 22:00:00,300.4625167488337
1994-07-21 22:00:00,-498.3983483316812
1994-07-22 22:00:00,165.60540378973857
1994-07-25 22:00:00,-65.10311399424681
1994-07-26 22:00:00,413.64526188960167
1994-07-27 22:00:00,-171.9703969594114
1994-07-28 22:00:00,-514.3376134591506
1994-07-29 22:00:00,131.11241095344337
1994-08-01 22:00:00,-1086.7792510786396
1994-08-02 22:00:00,-740.4870475958875
1994-08-03 22:00:00,-279.4704251093318
1994-08-04 22:00:00,41.85537590982507
1994-08-05 22:00:00,-358.1992489526146
1994-08-08 22:00:00,-793.2761102528068
1994-08-09 22:00:00,-254.14021852638706
1994-08-10 22:00:00,122.76269973235074
1994-08-11 22:00:00,209.76830469711356
1994-08-12 22:00:00,-364.59729283897695
1994-08-15 22:00:00,-65.27979948417864
1994-08-16 22:00:00,-122.83718382334625
1994-08-17 22:00:00,333.555065036392
1994-08-18 22:00:00,283.10662589865564
1994-08-19 22:00:00,-325.91355558051566
1994-08-22 22:00:00,183.82313495153448
1994-08-23 22:00:00,-260.9739408609805
1994-08-24 22:00:00,160.5425453214576
1994-08-25 22:00:00,-112.40790530306099
1994-08-26 22:00:00,-57.80808863948062
1994-08-29 22:00:00,-125.94251582449921
1994-08-30 22:00:00,526.5450440107292
1994-08-31 22:00:00,-78.68100997198657
1994-09-01 22:00:00,131.17949870542554
1994-09-02 22:00:00,58.83066812171563
1994-09-05 22:00:00,10.258496202084004
1994-09-06 22:00:00,320.2323787714752
1994-09-07 22:00:00,183.3026332053145
1994-09-08 22:00:00,239.93777233603004
1994-09-09 22:00:00,-375.13562371263896
1994-09-12 22:00:00,-658.2746878057305
1994-09-13 22:00:00,496.4634722918364
1994-09-14 22:00:00,-107.04350675200025
1994-09-15 22:00:00,557.5792282569681
1994-09-16 22:00:00,249.3292424410555
1994-09-19 22:00:00,-487.29156420467575
1994-09-20 22:00:00,-405.23928464878884
1994-09-21 22:00:00,266.7776949896789
1994-09-22 22:00:00,-1471.6979069234164
1994-09-23 22:00:00,30.603217408426634
1994-09-26 22:00:00,-685.4089676920453
1994-09-27 22:00:00,421.20952304252654
1994-09-28 22:00:00,29.622979934897273
1994-09-29 22:00:00,-84.61034221495078
1994-09-30 22:00:00,-294.2648375556994
1994-10-03 22:00:00,-511.8412992931028
1994-10-04 22:00:00,-344.32145807788856
1994-10-05 22:00:00,-232.9915319740514
1994-10-06 22:00:00,-48.77202656014028
1994-10-07 22:00:00,-473.3055205109845
1994-10-10 22:00:00,31.721371477467525
1994-10-11 22:00:00,171.5269328084916
1994-10-12 22:00:00,35.51408335559286
1994-10-13 22:00:00,258.96660837016213
1994-10-14 22:00:00,511.60996886937676
1994-10-17 22:00:00,723.0403523227292
1994-10-18 22:00:00,-200.58856000513538
1994-10-19 22:00:00,569.9032553826693
1994-10-20 22:00:00,7.855055300707285
1994-10-21 22:00:00,-438.11588290480233
1994-10-24 22:00:00,46.41490247078276
1994-10-25 22:00:00,235.242832760236
1994-10-26 22:00:00,375.4662880198425
1994-10-27 22:00:00,-38.32062774096193
1994-10-28 22:00:00,-279.8261272513273
1994-10-31 22:00:00,197.70018530164026
1994-11-01 22:00:00,5655.33439201769
1994-11-02 22:00:00,-745.6162769098663
1994-11-03 22:00:00,-738.7966991379708
1994-11-04 22:00:00,-90.4963630141609
1994-11-07 22:00:00,469.6557263676346
1994-11-08 22:00:00,432.41074212040553
1994-11-09 22:00:00,-529.9601946807003
1994-11-10 22:00:00,-201.492512810218
1994-11-11 22:00:00,-107.32906390962016
1994-11-14 22:00:00,-191.04676511235363
1994-11-15 22:00:00,-330.11676837403763
1994-11-16 22:00:00,57.82739954306392
1994-11-17 22:00:00,-25.05275029684995
1994-11-18 22:00:00,241.25975691535567
1994-11-21 22:00:00,369.4648212279673
1994-11-22 22:00:00,197.8325534400004
1994-11-23 22:00:00,115.69612322608359
1994-11-24 22:00:00,281.6826740249568
1994-11-25 22:00:00,-80.15462179229667
1994-11-28 22:00:00,29.420337809580445
1994-11-29 22:00:00,-82.10989280563619
1994-11-30 22:00:00,389.8267360985377
1994-12-01 22:00:00,2931.6932906425886
1994-12-02 22:00:00,205.17102498408576
1994-12-05 22:00:00,-459.25098667006324
1994-12-06 22:00:00,-259.97202561885786
1994-12-07 22:00:00,496.3455784879253
1994-12-08 22:00:00,629.0164684231445
1994-12-09 22:00:00,1341.8107958916146
1994-12-12 22:00:00,206.4099417405936
1994-12-13 22:00:00,-191.20202250052984
1994-12-14 22:00:00,-566.9973904138395
1994-12-15 22:00:00,-403.8121912859091
1994-12-16 22:00:00,-356.4384929083355
1994-12-19 22:00:00,377.8308539492482
1994-12-20 22:00:00,-373.6457762366233
1994-12-21 22:00:00,-96.82074772915996
1994-12-22 22:00:00,51.20015069020945
1994-12-23 22:00:00,270.6973710134014
1994-12-26 22:00:00,-4.766749191285531
1994-12-27 22:00:00,77.80322948746334
1994-12-28 22:00:00,-35.14516518204399
1994-12-29 22:00:00,345.59376973763597
1994-12-30 22:00:00,-585.453181826828
